1e+05,250,1.9173,0,94.01,5.9897,5.9897,301.66,-21.661,111.77,86.98,177.09
0,255,1.8849,0,80.351,19.649,19.649,0,0,0,0,0
0,260,1.8527,0,87.385,12.615,12.615,0,0,0,0,0
0,265,1.8372,0,89.881,10.119,10.119,0,0,0,0,0
0,270,1.8218,0,85.921,14.079,14.079,0,0,0,0,0
0,275,1.8064,0,93.073,6.9265,6.9265,0,0,0,0,0
0,280,1.791,0,81.427,18.573,18.573,0,0,0,0,0
0,285,1.7818,0,80.89,19.11,19.11,0,0,0,0,0
0,290,1.7725,0,81.78,18.22,18.22,0,0,0,0,0
0,295,1.7633,0,83.687,16.313,16.313,0,0,0,0,0
0,300,1.754,0,80.668,19.332,19.332,0,0,0,0,0
0,305,1.7479,0,87.885,12.115,12.115,0,0,0,0,0
0,310,1.7418,0,92.506,7.4942,7.4942,0,0,0,0,0
0,315,1.7357,0,91.696,8.3043,8.3043,0,0,0,0,0
0,320,1.7296,0,92.134,7.8656,7.8656,0,0,0,0,0
0,325,1.7258,0,91.627,8.3729,8.3729,0,0,0,0,0
0,330,1.722,0,89.984,10.016,10.016,0,0,0,0,0
0,335,1.7181,0,91.844,8.1556,8.1556,0,0,0,0,0
0,340,1.7143,0,80.596,19.404,19.404,0,0,0,0,0
0,345,1.7103,0,83.011,16.989,16.989,0,0,0,0,0
0,350,1.7063,0,91.552,8.4476,8.4476,0,0,0,0,0
0,355,1.7023,0,91.322,8.6783,8.6783,0,0,0,0,0
0,360,1.6983,0,83.698,16.302,16.302,0,0,0,0,0
0,365,1.6955,0,91.343,8.657,8.657,0,0,0,0,0
0,370,1.6927,0,92.183,7.8168,7.8168,0,0,0,0,0
0,375,1.6899,0,83.142,16.858,16.858,0,0,0,0,0
0,380,1.6871,0,92.351,7.6489,7.6489,0,0,0,0,0
0,385,1.685,0,81.409,18.591,18.591,0,0,0,0,0
0,390,1.683,0,90.756,9.2442,9.2442,0,0,0,0,0
0,395,1.6809,0,90.536,9.4639,9.4639,0,0,0,0,0
0,400,1.6788,0,80.229,19.771,19.771,0,0,0,0,0
0,405,1.677,0,89.045,10.955,10.955,0,0,0,0,0
0,410,1.6753,0,86.464,13.536,13.536,0,0,0,0,0
0,415,1.6736,0,85.488,14.512,14.512,0,0,0,0,0
0,420,1.6718,0,90.498,9.5025,9.5025,0,0,0,0,0
0,425,1.6701,0,92.378,7.6216,7.6216,0,0,0,0,0
0,430,1.6683,0,92.266,7.7336,7.7336,0,0,0,0,0
0,435,1.6666,0,85.101,14.899,14.899,0,0,0,0,0
0,440,1.6649,0,91.506,8.494,8.494,0,0,0,0,0
0,445,1.6635,0,88.463,11.537,11.537,0,0,0,0,0
0,450,1.6621,0,90.356,9.6443,9.6443,0,0,0,0,0
0,455,1.6607,0,92.059,7.9409,7.9409,0,0,0,0,0
0,460,1.6593,0,80.363,19.637,19.637,0,0,0,0,0
0,465,1.6577,0,91.968,8.0316,8.0316,0,0,0,0,0
0,470,1.6562,0,91.242,8.7584,8.7584,0,0,0,0,0
0,475,1.6546,0,89.24,10.76,10.76,0,0,0,0,0
0,480,1.653,0,90.944,9.0564,9.0564,0,0,0,0,0
0,485,1.6522,0,82.478,17.522,17.522,0,0,0,0,0
0,490,1.6513,0,91.891,8.1094,8.1094,0,0,0,0,0
0,495,1.6504,0,91.891,8.1086,8.1086,0,0,0,0,0
0,500,1.6496,0,91.918,8.082,8.082,0,0,0,0,0
0,505,1.6489,0,91.493,8.5069,8.5069,0,0,0,0,0
0,510,1.6482,0,81.021,18.979,18.979,0,0,0,0,0
0,515,1.6475,0,91.384,8.6156,8.6156,0,0,0,0,0
0,520,1.6468,0,79.969,20.031,20.031,0,0,0,0,0
0,525,1.6461,0,90.459,9.5414,9.5414,0,0,0,0,0
0,530,1.6454,0,91.838,8.162,8.162,0,0,0,0,0
0,535,1.6447,0,91.487,8.5126,8.5126,0,0,0,0,0
0,540,1.644,0,91.707,8.2928,8.2928,0,0,0,0,0
0,545,1.6433,0,90.936,9.0641,9.0641,0,0,0,0,0
0,550,1.6426,0,82.363,17.637,17.637,0,0,0,0,0
0,555,1.6419,0,88.117,11.883,11.883,0,0,0,0,0
0,560,1.6412,0,88.942,11.058,11.058,0,0,0,0,0
0,565,1.641,0,91.503,8.4973,8.4973,0,0,0,0,0
0,570,1.6409,0,89.973,10.027,10.027,0,0,0,0,0
0,575,1.6407,0,87.956,12.044,12.044,0,0,0,0,0
0,580,1.6405,0,88.262,11.738,11.738,0,0,0,0,0
0,585,1.6402,0,89.804,10.196,10.196,0,0,0,0,0
0,590,1.6398,0,91.253,8.7466,8.7466,0,0,0,0,0
0,595,1.6395,0,89.987,10.013,10.013,0,0,0,0,0
0,600,1.6391,0,79.734,20.266,20.266,0,0,0,0,0
0,605,1.6388,0,89.669,10.331,10.331,0,0,0,0,0
0,610,1.6384,0,87.716,12.284,12.284,0,0,0,0,0
0,615,1.6381,0,88.73,11.27,11.27,0,0,0,0,0
0,620,1.6377,0,83.122,16.878,16.878,0,0,0,0,0
0,625,1.6376,0,90.754,9.246,9.246,0,0,0,0,0
0,630,1.6374,0,90.38,9.6201,9.6201,0,0,0,0,0
0,635,1.6372,0,86.248,13.752,13.752,0,0,0,0,0
0,640,1.637,0,81.908,18.092,18.092,0,0,0,0,0
0,645,1.6367,0,79.046,20.954,20.954,0,0,0,0,0
0,650,1.6364,0,79.031,20.969,20.969,0,0,0,0,0
0,655,1.636,0,80.418,19.582,19.582,0,0,0,0,0
0,660,1.6357,0,86.145,13.855,13.855,0,0,0,0,0
0,665,1.6355,0,90.526,9.4737,9.4737,0,0,0,0,0
0,670,1.6353,0,87.869,12.131,12.131,0,0,0,0,0
0,675,1.6351,0,77.195,22.805,22.805,0,0,0,0,0
0,680,1.635,0,90.36,9.6404,9.6404,0,0,0,0,0
0,685,1.635,0,77.864,22.136,22.136,0,0,0,0,0
0,690,1.635,0,90.377,9.6232,9.6232,0,0,0,0,0
0,695,1.635,0,77.462,22.538,22.538,0,0,0,0,0
0,700,1.635,0,87.574,12.426,12.426,0,0,0,0,0
0,705,1.6346,0,86.852,13.148,13.148,0,0,0,0,0
0,710,1.6343,0,77.219,22.781,22.781,0,0,0,0,0
0,715,1.6339,0,89.379,10.621,10.621,0,0,0,0,0
0,720,1.6336,0,88.136,11.864,11.864,0,0,0,0,0
0,725,1.6336,0,83.584,16.416,16.416,0,0,0,0,0
0,730,1.6336,0,78.805,21.195,21.195,0,0,0,0,0
0,735,1.6336,0,76.132,23.868,23.868,0,0,0,0,0
0,740,1.6336,0,75.592,24.408,24.408,0,0,0,0,0
0,745,1.6336,0,77.102,22.898,22.898,0,0,0,0,0
0,750,1.6336,0,81.147,18.853,18.853,0,0,0,0,0
0,755,1.6336,0,85.871,14.129,14.129,0,0,0,0,0
0,760,1.6336,0,88.466,11.534,11.534,0,0,0,0,0
0,765,1.6336,0,87.077,12.923,12.923,0,0,0,0,0
0,770,1.6336,0,77.069,22.931,22.931,0,0,0,0,0
0,775,1.6336,0,76.594,23.406,23.406,0,0,0,0,0
0,780,1.6336,0,87.526,12.474,12.474,0,0,0,0,0
0,785,1.6337,0,80.777,19.223,19.223,0,0,0,0,0
0,790,1.6339,0,79.646,20.354,20.354,0,0,0,0,0
0,795,1.6341,0,85.279,14.721,14.721,0,0,0,0,0
0,800,1.6343,0,74.224,25.776,25.776,0,0,0,0,0
0,805,1.6344,0,85.344,14.656,14.656,0,0,0,0,0
0,810,1.6346,0,75.292,24.708,24.708,0,0,0,0,0
0,815,1.6348,0,80.824,19.176,19.176,0,0,0,0,0
0,820,1.635,0,83.305,16.695,16.695,0,0,0,0,0
0,825,1.6351,0,66.458,33.542,33.542,0,0,0,0,0
0,830,1.6353,0,84.365,15.635,15.635,0,0,0,0,0
0,835,1.6355,1.4901e-08,81.911,18.085,18.089,0,0,0,0,0
0,840,1.6357,9.1857e-08,66.669,33.294,33.331,0,0,0,0,0
0,845,1.6358,1.6793e-07,81.492,18.47,18.508,0,0,0,0,0
0,850,1.636,2.4394e-07,86.556,13.402,13.444,0,0,0,0,0
0,855,1.6362,3.0502e-07,83.483,16.453,16.517,0,0,0,0,0
0,860,1.6364,3.0502e-07,74.123,25.773,25.877,0,0,0,0,0
0,865,1.6364,3.0502e-07,72.406,27.481,27.594,0,0,0,0,0
0,870,1.6364,3.0502e-07,83.07,16.859,16.93,0,0,0,0,0
0,875,1.6364,3.0502e-07,87.607,12.34,12.393,0,0,0,0,0
0,880,1.6364,3.0502e-07,88.561,11.388,11.439,0,0,0,0,0
0,885,1.6364,3.0502e-07,87.862,12.083,12.138,0,0,0,0,0
0,890,1.6364,3.0502e-07,86.428,13.508,13.572,0,0,0,0,0
0,895,1.6364,3.0502e-07,84.982,14.944,15.018,0,0,0,0,0
0,900,1.6364,3.0502e-07,84.172,15.748,15.828,0,0,0,0,0
0,905,1.6365,3.0502e-07,85.304,14.619,14.696,0,0,0,0,0
0,910,1.6367,3.0502e-07,87.851,12.083,12.149,0,0,0,0,0
0,915,1.6369,3.0502e-07,90.09,9.8542,9.9098,0,0,0,0,0
0,920,1.637,3.0502e-07,91.377,8.5731,8.6234,0,0,0,0,0
0,925,1.637,3.0502e-07,91.971,7.98,8.0286,0,0,0,0,0
0,930,1.637,3.0502e-07,91.821,8.1271,8.1787,0,0,0,0,0
0,935,1.637,3.0502e-07,90.274,9.6624,9.7263,0,0,0,0,0
0,940,1.637,3.0502e-07,86.242,13.664,13.758,0,0,0,0,0
0,945,1.6371,3.0502e-07,83.361,16.52,16.639,0,0,0,0,0
0,950,1.6371,3.0502e-07,89.781,10.143,10.219,0,0,0,0,0
0,955,1.6373,3.0502e-07,93.803,6.1491,6.1975,0,0,0,0,0
0,960,1.6374,3.0502e-07,92.76,7.1823,7.2399,0,0,0,0,0
0,965,1.6374,3.0502e-07,86.665,13.227,13.335,0,0,0,0,0
0,970,1.6374,3.0502e-07,89.574,10.339,10.426,0,0,0,0,0
0,975,1.6374,3.0502e-07,94.359,5.5932,5.6411,0,0,0,0,0
0,980,1.6374,3.0502e-07,92.897,7.0415,7.1032,0,0,0,0,0
0,985,1.6376,3.0502e-07,87.403,12.485,12.597,0,0,0,0,0
0,990,1.6378,3.0502e-07,94.749,5.2035,5.2512,0,0,0,0,0
0,995,1.638,3.0502e-07,91.732,8.1914,8.2682,0,0,0,0,0
0,1000,1.6381,3.0502e-07,91.336,8.5819,8.6643,0,0,0,0,0
0,1005,1.6383,3.0502e-07,95.117,4.8359,4.8834,0,0,0,0,0
0,1010,1.6385,3.0502e-07,88.255,11.628,11.745,0,0,0,0,0
0,1015,1.6387,3.0502e-07,95.504,4.4501,4.4959,0,0,0,0,0
0,1020,1.6388,3.0502e-07,90.645,9.2575,9.355,0,0,0,0,0
0,1025,1.639,3.0502e-07,95.268,4.6813,4.7317,0,0,0,0,0
0,1030,1.6392,3.0502e-07,92.183,7.7313,7.8166,0,0,0,0,0
0,1035,1.6393,3.0502e-07,95.218,4.7285,4.7817,0,0,0,0,0
0,1040,1.6395,3.0502e-07,92.55,7.3658,7.4495,0,0,0,0,0
0,1045,1.6395,3.0502e-07,95.422,4.5262,4.5783,0,0,0,0,0
0,1050,1.6395,3.0502e-07,92.846,7.0714,7.1535,0,0,0,0,0
0,1055,1.6395,3.0502e-07,95.762,4.189,4.2383,0,0,0,0,0
0,1060,1.6395,3.0502e-07,91.872,8.033,8.1284,0,0,0,0,0
0,1065,1.6397,3.0502e-07,96.353,3.6034,3.6467,0,0,0,0,0
0,1070,1.6399,3.0502e-07,91.392,8.5047,8.608,0,0,0,0,0
0,1075,1.64,3.0502e-07,95.834,4.1152,4.1656,0,0,0,0,0
0,1080,1.6402,3.0502e-07,95.485,4.4601,4.5154,0,0,0,0,0
0,1085,1.6402,3.0502e-07,92.445,7.4617,7.5552,0,0,0,0,0
0,1090,1.6402,3.0502e-07,96.629,3.3288,3.3709,0,0,0,0,0
0,1095,1.6402,3.0502e-07,93.054,6.8583,6.9462,0,0,0,0,0
0,1100,1.6402,3.0502e-07,95.031,4.9058,4.9693,0,0,0,0,0
0,1105,1.6404,3.0502e-07,96.733,3.2249,3.2671,0,0,0,0,0
0,1110,1.6406,3.0502e-07,93.793,6.1259,6.2069,0,0,0,0,0
0,1115,1.6407,3.3552e-07,93.958,5.9544,6.0418,0,0,0,0,0
0,1120,1.6409,4.8789e-07,96.809,3.124,3.1915,0,0,0,0,0
0,1125,1.6409,6.404e-07,95.69,4.19,4.3101,0,0,0,0,0
0,1130,1.6409,7.9285e-07,92.046,7.6802,7.9543,0,0,0,0,0
0,1135,1.6409,9.2998e-07,96.175,3.6702,3.8245,0,0,0,0,0
0,1140,1.6409,1.0062e-06,96.845,3.0165,3.1545,0,0,0,0,0
0,1145,1.6409,1.0825e-06,94.344,5.3893,5.6558,0,0,0,0,0
0,1150,1.6409,1.1588e-06,92.815,6.8224,7.185,0,0,0,0,0
0,1155,1.6409,1.3265e-06,96.307,3.4808,3.6935,0,0,0,0,0
0,1160,1.6409,1.8601e-06,96.918,2.8374,3.0818,0,0,0,0,0
0,1165,1.6409,2.3937e-06,95.457,4.088,4.5434,0,0,0,0,0
0,1170,1.6409,2.9273e-06,91.991,7.0454,8.0091,0,0,0,0,0
0,1175,1.6409,3.2932e-06,93.852,5.3256,6.1482,0,0,0,0,0
0,1180,1.6409,2.9883e-06,96.364,3.1877,3.6365,0,0,0,0,0
0,1185,1.6409,2.6833e-06,96.967,2.6911,3.033,0,0,0,0,0
0,1190,1.6409,2.3784e-06,96.434,3.204,3.5665,0,0,0,0,0
0,1195,1.6409,2.0735e-06,94.657,4.8614,5.3431,0,0,0,0,0
0,1200,1.6409,1.7686e-06,92.607,6.8151,7.3933,0,0,0,0,0
0,1205,1.6409,1.4637e-06,93.79,5.8016,6.2105,0,0,0,0,0
0,1210,1.6409,1.1588e-06,95.855,3.9252,4.1451,0,0,0,0,0
0,1215,1.6409,8.9952e-07,96.934,2.9375,3.0658,0,0,0,0,0
0,1220,1.6409,8.2335e-07,97.328,2.5688,2.672,0,0,0,0,0
0,1225,1.6409,7.4699e-07,97.34,2.5663,2.6603,0,0,0,0,0
0,1230,1.6409,6.7088e-07,97.07,2.8363,2.93,0,0,0,0,0
0,1235,1.6409,6.0986e-07,96.544,3.3548,3.456,0,0,0,0,0
0,1240,1.6409,6.0986e-07,95.782,4.0944,4.2184,0,0,0,0,0
0,1245,1.6409,6.0986e-07,94.889,4.9603,5.1107,0,0,0,0,0
0,1250,1.6409,6.0986e-07,94.09,5.7355,5.9099,0,0,0,0,0
0,1255,1.6409,5.9455e-07,93.608,6.2076,6.392,0,0,0,0,0
0,1260,1.6409,5.1834e-07,93.507,6.3284,6.4925,0,0,0,0,0
0,1265,1.6409,4.4204e-07,93.647,6.2152,6.3529,0,0,0,0,0
0,1270,1.6409,3.6591e-07,93.868,6.0215,6.1322,0,0,0,0,0
0,1275,1.6409,3.0502e-07,94.059,5.8516,5.9414,0,0,0,0,0
0,1280,1.6409,3.0502e-07,94.157,5.7548,5.8433,0,0,0,0,0
0,1285,1.6409,3.0502e-07,94.165,5.7465,5.8351,0,0,0,0,0
0,1290,1.6409,3.0502e-07,94.092,5.8181,5.9079,0,0,0,0,0
0,1295,1.6409,3.0502e-07,93.973,5.9354,6.0273,0,0,0,0,0
0,1300,1.6408,3.0502e-07,93.945,5.9629,6.0554,0,0,0,0,0
0,1305,1.6406,3.0502e-07,93.969,5.9385,6.0308,0,0,0,0,0
0,1310,1.6403,3.0502e-07,94.037,5.8716,5.9631,0,0,0,0,0
0,1315,1.6401,3.2029e-07,93.988,5.9149,6.0119,0,0,0,0,0
0,1320,1.6399,3.9649e-07,93.986,5.8945,6.0144,0,0,0,0,0
0,1325,1.6399,4.7263e-07,94.439,5.4288,5.5608,0,0,0,0,0
0,1330,1.6399,5.4892e-07,95.383,4.4902,4.6172,0,0,0,0,0
0,1335,1.6399,7.165e-07,96.353,3.5166,3.6467,0,0,0,0,0
0,1340,1.6399,1.2502e-06,97.037,2.7833,2.9633,0,0,0,0,0
0,1345,1.6399,1.7838e-06,97.443,2.3405,2.5569,0,0,0,0,0
0,1350,1.6399,2.3174e-06,97.576,2.1636,2.4238,0,0,0,0,0
0,1355,1.6399,2.7901e-06,97.415,2.258,2.5855,0,0,0,0,0
0,1360,1.6399,3.0187e-06,96.853,2.7197,3.1472,0,0,0,0,0
0,1365,1.6399,3.2474e-06,95.595,3.7672,4.4053,0,0,0,0,0
0,1370,1.6399,3.4761e-06,93.788,5.2566,6.2118,0,0,0,0,0
0,1375,1.6399,3.6591e-06,93.866,5.1473,6.1342,0,0,0,0,0
0,1380,1.6399,3.6591e-06,95.86,3.473,4.14,0,0,0,0,0
0,1385,1.6399,3.6591e-06,97.134,2.4043,2.8664,0,0,0,0,0
0,1390,1.6399,3.6591e-06,97.527,2.0741,2.4728,0,0,0,0,0
0,1395,1.6399,3.6133e-06,97.191,2.3609,2.809,0,0,0,0,0
0,1400,1.6399,3.3847e-06,95.81,3.5572,4.19,0,0,0,0,0
0,1405,1.6397,3.156e-06,93.984,5.1595,6.0162,0,0,0,0,0
0,1410,1.6396,2.9273e-06,94.691,4.5998,5.3092,0,0,0,0,0
0,1415,1.6394,2.7292e-06,96.667,2.9138,3.3331,0,0,0,0,0
0,1420,1.6392,2.653e-06,97.575,2.1275,2.4253,0,0,0,0,0
0,1425,1.6392,2.5767e-06,97.567,2.142,2.4331,0,0,0,0,0
0,1430,1.6392,2.5005e-06,96.231,3.3298,3.7691,0,0,0,0,0
0,1435,1.6392,2.4547e-06,94.045,5.2712,5.9548,0,0,0,0,0
0,1440,1.6392,2.531e-06,96.228,3.3268,3.7722,0,0,0,0,0
0,1445,1.6392,2.6072e-06,97.64,2.074,2.3601,0,0,0,0,0
0,1450,1.6392,2.6835e-06,97.489,2.1985,2.5105,0,0,0,0,0
0,1455,1.6392,2.6987e-06,95.493,3.9434,4.5066,0,0,0,0,0
0,1460,1.6392,2.47e-06,94.732,4.6581,5.2678,0,0,0,0,0
0,1465,1.6392,2.2413e-06,97.323,2.3926,2.677,0,0,0,0,0
0,1470,1.6392,2.0126e-06,97.805,1.983,2.1946,0,0,0,0,0
0,1475,1.6392,1.8449e-06,96.42,3.2612,3.5803,0,0,0,0,0
0,1480,1.6392,1.9211e-06,94.589,4.9097,5.4106,0,0,0,0,0
0,1485,1.6392,1.9973e-06,97.308,2.4338,2.6922,0,0,0,0,0
0,1490,1.6392,2.0736e-06,97.823,1.9607,2.1767,0,0,0,0,0
0,1495,1.6392,2.1041e-06,96.124,3.4861,3.8759,0,0,0,0,0
0,1500,1.6392,1.9516e-06,95.142,4.4005,4.8576,0,0,0,0,0
0,1505,1.6392,1.7991e-06,97.693,2.1054,2.3071,0,0,0,0,0
0,1510,1.6392,1.6466e-06,97.659,2.1519,2.3405,0,0,0,0,0
0,1515,1.6392,1.5094e-06,95.022,4.6076,4.9781,0,0,0,0,0
0,1520,1.6392,1.4332e-06,96.788,2.9834,3.2116,0,0,0,0,0
0,1525,1.6392,1.357e-06,97.998,1.8672,2.0024,0,0,0,0,0
0,1530,1.6392,1.2807e-06,96.563,3.217,3.4367,0,0,0,0,0
0,1535,1.6392,1.235e-06,95.613,4.115,4.3865,0,0,0,0,0
0,1540,1.6392,1.3112e-06,97.94,1.9251,2.06,0,0,0,0,0
0,1545,1.6392,1.3874e-06,97.305,2.5088,2.6947,0,0,0,0,0
0,1550,1.6392,1.4637e-06,94.933,4.6989,5.0669,0,0,0,0,0
0,1555,1.6392,1.5247e-06,97.787,2.0464,2.2134,0,0,0,0,0
0,1560,1.6392,1.5247e-06,97.57,2.2468,2.4301,0,0,0,0,0
0,1565,1.6392,1.5247e-06,94.842,4.7681,5.1576,0,0,0,0,0
0,1570,1.6392,1.5247e-06,97.754,2.0764,2.2462,0,0,0,0,0
0,1575,1.6392,1.5247e-06,97.606,2.2136,2.3945,0,0,0,0,0
0,1580,1.6392,1.5247e-06,94.934,4.6827,5.0658,0,0,0,0,0
0,1585,1.6392,1.5247e-06,97.865,1.9737,2.1353,0,0,0,0,0
0,1590,1.6392,1.5247e-06,97.418,2.387,2.5823,0,0,0,0,0
0,1595,1.6392,1.5613e-06,95.336,4.3025,4.6636,0,0,0,0,0
0,1600,1.6392,1.7442e-06,98.014,1.816,1.9863,0,0,0,0,0
0,1605,1.6394,1.9272e-06,96.526,3.1479,3.4739,0,0,0,0,0
0,1610,1.6396,2.1101e-06,96.801,2.8731,3.1995,0,0,0,0,0
0,1615,1.6397,2.293e-06,97.936,1.837,2.0636,0,0,0,0,0
0,1620,1.6399,2.4241e-06,94.807,4.5932,5.1927,0,0,0,0,0
0,1625,1.6399,2.3479e-06,97.819,1.9363,2.1813,0,0,0,0,0
0,1630,1.6399,2.2717e-06,97.213,2.4831,2.7868,0,0,0,0,0
0,1635,1.6399,2.1954e-06,95.966,3.6069,4.0341,0,0,0,0,0
0,1640,1.6399,2.2259e-06,98.073,1.7201,1.9266,0,0,0,0,0
0,1645,1.6398,2.6833e-06,95.535,3.9001,4.4645,0,0,0,0,0
0,1650,1.6397,3.1406e-06,97.353,2.2632,2.6473,0,0,0,0,0
0,1655,1.6397,3.5979e-06,97.52,2.0763,2.4795,0,0,0,0,0
0,1660,1.6396,5.3664e-06,94.697,4.1101,5.3026,0,0,0,0,0
0,1665,1.6396,1.2379e-05,97.19,1.6831,2.8098,0,0,0,0,0
0,1670,1.6396,1.9392e-05,92.465,3.678,7.5346,0,0,0,0,0
0,1675,1.6396,2.6405e-05,94.933,2.0848,5.0667,0,0,0,0,0
0,1680,1.6396,3.1528e-05,94.043,2.2012,5.9565,0,0,0,0,0
0,1685,1.6396,2.9088e-05,91.525,3.2888,8.4748,0,0,0,0,0
0,1690,1.6396,2.6649e-05,95.884,1.684,4.1155,0,0,0,0,0
0,1695,1.6396,2.421e-05,90.153,4.2579,9.8471,0,0,0,0,0
0,1700,1.6396,2.2457e-05,96.251,1.6899,3.7492,0,0,0,0,0
0,1705,1.6398,2.3447e-05,92.045,3.502,7.955,0,0,0,0,0
0,1710,1.64,2.4438e-05,95.625,1.8796,4.3746,0,0,0,0,0
0,1715,1.6401,2.5429e-05,93.655,2.6663,6.3448,0,0,0,0,0
0,1720,1.6403,2.5947e-05,94.587,2.2455,5.4127,0,0,0,0,0
0,1725,1.6403,2.4575e-05,95.132,2.0856,4.8683,0,0,0,0,0
0,1730,1.6403,2.3203e-05,93.121,3.0408,6.8788,0,0,0,0,0
0,1735,1.6403,2.1831e-05,96.228,1.7251,3.7719,0,0,0,0,0
0,1740,1.6403,2.052e-05,91.817,3.8658,8.1829,0,0,0,0,0
0,1745,1.6403,1.9452e-05,96.715,1.5957,3.2846,0,0,0,0,0
0,1750,1.6403,1.8385e-05,91.712,4.1422,8.2883,0,0,0,0,0
0,1755,1.6403,1.7318e-05,96.899,1.5955,3.1007,0,0,0,0,0
0,1760,1.6403,1.616e-05,92.834,3.8112,7.1658,0,0,0,0,0
0,1765,1.6403,1.4635e-05,96.995,1.6713,3.0052,0,0,0,0,0
0,1770,1.6403,1.3111e-05,94.319,3.3136,5.6813,0,0,0,0,0
0,1775,1.6403,1.1586e-05,97.082,1.788,2.9179,0,0,0,0,0
0,1780,1.6403,1.0549e-05,95.417,2.9115,4.5828,0,0,0,0,0
0,1785,1.6403,1.1464e-05,96.895,1.9119,3.1054,0,0,0,0,0
0,1790,1.6403,1.2379e-05,95.591,2.6363,4.4093,0,0,0,0,0
0,1795,1.6403,1.3293e-05,96.535,2.0114,3.4652,0,0,0,0,0
0,1800,1.6403,1.372e-05,95.676,2.4789,4.3236,0,0,0,0,0
0,1805,1.6403,1.2196e-05,96.56,2.0695,3.4398,0,0,0,0,0
0,1810,1.6403,1.0671e-05,96.179,2.4216,3.8211,0,0,0,0,0
0,1815,1.6403,9.1469e-06,96.899,2.0732,3.1012,0,0,0,0,0
0,1820,1.6403,7.8816e-06,96.512,2.4459,3.4883,0,0,0,0,0
0,1825,1.6403,7.6529e-06,97.146,2.0178,2.8537,0,0,0,0,0
0,1830,1.6403,7.4242e-06,96.426,2.5513,3.574,0,0,0,0,0
0,1835,1.6403,7.1956e-06,97.34,1.9154,2.6603,0,0,0,0,0
0,1840,1.6403,6.9974e-06,96.205,2.7554,3.7951,0,0,0,0,0
0,1845,1.6403,6.9212e-06,97.545,1.7874,2.455,0,0,0,0,0
0,1850,1.6403,6.8449e-06,95.791,3.0753,4.2088,0,0,0,0,0
0,1855,1.6403,6.7687e-06,97.736,1.6592,2.2644,0,0,0,0,0
0,1860,1.6403,6.784e-06,95.224,3.4992,4.7759,0,0,0,0,0
0,1865,1.6403,7.1651e-06,97.843,1.5568,2.1568,0,0,0,0,0
0,1870,1.6403,7.5462e-06,94.532,3.8908,5.4681,0,0,0,0,0
0,1875,1.6403,7.9273e-06,97.853,1.5063,2.1475,0,0,0,0,0
0,1880,1.6403,8.4609e-06,94.298,3.9212,5.7017,0,0,0,0,0
0,1885,1.6403,9.6042e-06,97.671,1.5375,2.3291,0,0,0,0,0
0,1890,1.6403,1.0748e-05,94.68,3.3751,5.32,0,0,0,0,0
0,1895,1.6403,1.1891e-05,97.222,1.698,2.7785,0,0,0,0,0
0,1900,1.6403,1.2867e-05,95.636,2.5834,4.3637,0,0,0,0,0
0,1905,1.6403,1.3172e-05,96.462,2.0767,3.5382,0,0,0,0,0
0,1910,1.6403,1.3476e-05,96.642,1.9512,3.3576,0,0,0,0,0
0,1915,1.6403,1.3781e-05,95.136,2.8027,4.8638,0,0,0,0,0
0,1920,1.6403,1.404e-05,97.224,1.5863,2.7757,0,0,0,0,0
0,1925,1.6403,1.4117e-05,93.489,3.7149,6.5112,0,0,0,0,0
0,1930,1.6403,1.4193e-05,97.417,1.4708,2.5833,0,0,0,0,0
0,1935,1.6403,1.4269e-05,93.647,3.6088,6.3528,0,0,0,0,0
0,1940,1.6403,1.4147e-05,97.156,1.6227,2.8439,0,0,0,0,0
0,1945,1.6402,1.3232e-05,95.594,2.585,4.4062,0,0,0,0,0
0,1950,1.6401,1.2317e-05,96.577,2.0692,3.423,0,0,0,0,0
0,1955,1.6401,1.1403e-05,97.096,1.8079,2.9042,0,0,0,0,0
0,1960,1.64,1.0671e-05,95.174,3.0809,4.8257,0,0,0,0,0
0,1965,1.64,1.0671e-05,97.685,1.4779,2.3152,0,0,0,0,0
0,1970,1.64,1.0671e-05,94.061,3.7924,5.9391,0,0,0,0,0
0,1975,1.64,1.0671e-05,97.585,1.5425,2.4145,0,0,0,0,0
0,1980,1.64,1.0701e-05,95.969,2.5718,4.0309,0,0,0,0,0
0,1985,1.64,1.0854e-05,96.561,2.1851,3.4395,0,0,0,0,0
0,1990,1.64,1.1006e-05,97.388,1.6505,2.6124,0,0,0,0,0
0,1995,1.64,1.1159e-05,94.337,3.5623,5.6634,0,0,0,0,0
0,2000,1.64,1.1189e-05,97.71,1.4395,2.2905,0,0,0,0,0
0,2005,1.64,1.0732e-05,95.11,3.1203,4.89,0,0,0,0,0
0,2010,1.64,1.0274e-05,97.129,1.8621,2.8709,0,0,0,0,0
0,2015,1.64,9.8172e-06,97.272,1.7965,2.7278,0,0,0,0,0
0,2020,1.64,9.4513e-06,95.108,3.2658,4.8922,0,0,0,0,0
0,2025,1.64,9.4513e-06,97.871,1.4212,2.129,0,0,0,0,0
0,2030,1.64,9.4513e-06,95.168,3.2254,4.8316,0,0,0,0,0
0,2035,1.64,9.4513e-06,97.271,1.8231,2.729,0,0,0,0,0
0,2040,1.64,9.6343e-06,97.347,1.7604,2.6534,0,0,0,0,0
0,2045,1.64,1.0549e-05,94.79,3.3517,5.2095,0,0,0,0,0
0,2050,1.64,1.1464e-05,97.737,1.4124,2.263,0,0,0,0,0
0,2055,1.64,1.2378e-05,95.226,2.8927,4.7743,0,0,0,0,0
0,2060,1.64,1.3171e-05,96.583,2.0212,3.417,0,0,0,0,0
0,2065,1.64,1.3476e-05,97.322,1.5684,2.6779,0,0,0,0,0
0,2070,1.64,1.3781e-05,93.711,3.6515,6.2892,0,0,0,0,0
0,2075,1.64,1.4086e-05,97.437,1.4752,2.5633,0,0,0,0,0
0,2080,1.64,1.4375e-05,96.106,2.2208,3.8941,0,0,0,0,0
0,2085,1.64,1.4604e-05,95.344,2.6397,4.6556,0,0,0,0,0
0,2090,1.64,1.4832e-05,97.519,1.3967,2.4807,0,0,0,0,0
0,2095,1.64,1.5061e-05,94.195,3.2471,5.8053,0,0,0,0,0
0,2100,1.64,1.5259e-05,96.729,1.8207,3.271,0,0,0,0,0
0,2105,1.64,1.5336e-05,97.123,1.5967,2.8766,0,0,0,0,0
0,2110,1.64,1.5412e-05,93.536,3.5825,6.464,0,0,0,0,0
0,2115,1.64,1.5488e-05,97.341,1.4711,2.6591,0,0,0,0,0
0,2120,1.64,1.564e-05,96.303,2.0354,3.6971,0,0,0,0,0
0,2125,1.64,1.6098e-05,94.629,2.9216,5.3711,0,0,0,0,0
0,2130,1.64,1.6555e-05,97.457,1.3657,2.5432,0,0,0,0,0
0,2135,1.64,1.7012e-05,95.006,2.6474,4.9942,0,0,0,0,0
0,2140,1.64,1.7454e-05,95.707,2.251,4.2935,0,0,0,0,0
0,2145,1.64,1.7836e-05,97.323,1.3884,2.677,0,0,0,0,0
0,2150,1.64,1.8217e-05,93.731,3.2188,6.2685,0,0,0,0,0
0,2155,1.64,1.8598e-05,96.378,1.8431,3.6222,0,0,0,0,0
0,2160,1.64,1.9025e-05,97.054,1.4812,2.9457,0,0,0,0,0
0,2165,1.6399,1.9634e-05,92.888,3.522,7.112,0,0,0,0,0
0,2170,1.6398,2.0244e-05,96.803,1.56,3.1971,0,0,0,0,0
0,2175,1.6398,2.0853e-05,96.529,1.6666,3.4708,0,0,0,0,0
0,2180,1.6397,2.1417e-05,92.827,3.3998,7.1733,0,0,0,0,0
0,2185,1.6397,2.1798e-05,96.94,1.4377,3.0603,0,0,0,0,0
0,2190,1.6397,2.2179e-05,96.049,1.8377,3.9509,0,0,0,0,0
0,2195,1.6397,2.256e-05,93.03,3.2159,6.9697,0,0,0,0,0
0,2200,1.6397,2.3185e-05,96.944,1.3896,3.0557,0,0,0,0,0
0,2205,1.6395,2.4786e-05,95.374,2.0259,4.6258,0,0,0,0,0
0,2210,1.6393,2.6387e-05,93.372,2.8045,6.6279,0,0,0,0,0
0,2215,1.6392,2.7988e-05,96.756,1.3262,3.2441,0,0,0,0,0
0,2220,1.639,3.0579e-05,93.958,2.3406,6.0423,0,0,0,0,0
0,2225,1.639,3.7134e-05,92.56,2.5514,7.4401,0,0,0,0,0
0,2230,1.639,4.3689e-05,95.747,1.3065,4.2527,0,0,0,0,0
0,2235,1.639,5.0244e-05,91.952,2.2383,8.0476,0,0,0,0,0
0,2240,1.639,6.2454e-05,89.048,2.596,10.952,0,0,0,0,0
0,2245,1.639,9.7287e-05,92.281,1.2829,7.7189,0,0,0,0,0
0,2250,1.639,0.00013212,84.446,1.9883,15.554,0,0,0,0,0
0,2255,1.639,0.00016695,75.274,2.5736,24.726,0,0,0,0,0
0,2260,1.639,0.00019374,86.196,1.2558,13.804,0,0,0,0,0
0,2265,1.639,0.00018832,81.301,1.7439,18.699,0,0,0,0,0
0,2270,1.639,0.00018291,71.275,2.756,28.725,0,0,0,0,0
0,2275,1.639,0.0001775,86.678,1.3142,13.322,0,0,0,0,0
0,2280,1.639,0.0001764,84.319,1.5538,15.681,0,0,0,0,0
0,2285,1.6392,0.00019256,68.179,2.9161,31.821,0,0,0,0,0
0,2290,1.6393,0.00020872,82.579,1.485,17.421,0,0,0,0,0
0,2295,1.6395,0.00022487,84.031,1.2695,15.969,0,0,0,0,0
0,2300,1.6397,0.00023937,67.389,2.4475,32.611,0,0,0,0,0
0,2305,1.6397,0.00024722,74.355,1.8715,25.645,0,0,0,0,0
0,2310,1.6397,0.00025507,83.343,1.1798,16.657,0,0,0,0,0
0,2315,1.6397,0.00026292,71.345,1.9719,28.655,0,0,0,0,0
0,2320,1.6397,0.00026266,66.876,2.2863,33.124,0,0,0,0,0
0,2325,1.6397,0.00022996,84.404,1.2187,15.596,0,0,0,0,0
0,2330,1.6397,0.00019726,82.091,1.61,17.909,0,0,0,0,0
0,2335,1.6397,0.00016457,72.637,2.9032,27.363,0,0,0,0,0
0,2340,1.6397,0.00013669,88.567,1.4316,11.433,0,0,0,0,0
0,2345,1.6397,0.00012807,89.811,1.3488,10.189,0,0,0,0,0
0,2350,1.6397,0.00011946,79.805,2.8411,20.195,0,0,0,0,0
0,2355,1.6397,0.00011085,87.553,1.8701,12.447,0,0,0,0,0
0,2360,1.6397,0.00010268,92.345,1.2262,7.6547,0,0,0,0,0
0,2365,1.6397,9.6277e-05,87.484,2.1149,12.516,0,0,0,0,0
0,2370,1.6397,8.9874e-05,85.15,2.6609,14.85,0,0,0,0,0
0,2375,1.6397,8.3472e-05,93.157,1.3028,6.8427,0,0,0,0,0
0,2380,1.6397,8.2832e-05,92.116,1.5088,7.8843,0,0,0,0,0
0,2385,1.6397,0.00010524,80.722,3.0298,19.278,0,0,0,0,0
0,2390,1.6397,0.00012765,87.652,1.6473,12.348,0,0,0,0,0
0,2395,1.6397,0.00015006,89.544,1.2091,10.456,0,0,0,0,0
0,2400,1.6397,0.00016649,79.645,2.1452,20.355,0,0,0,0,0
0,2405,1.6397,0.00015902,78.018,2.4185,21.982,0,0,0,0,0
0,2410,1.6397,0.00015155,89.12,1.2496,10.88,0,0,0,0,0
0,2415,1.6397,0.00014408,87.938,1.447,12.062,0,0,0,0,0
0,2420,1.6397,0.00013981,76.57,2.8894,23.43,0,0,0,0,0
0,2425,1.6397,0.00014835,85.515,1.698,14.485,0,0,0,0,0
0,2430,1.6397,0.00015688,89.424,1.1787,10.576,0,0,0,0,0
0,2435,1.6397,0.00016542,81.966,1.916,18.034,0,0,0,0,0
0,2440,1.6397,0.00017115,74.546,2.6277,25.454,0,0,0,0,0
0,2445,1.6397,0.00016566,87.565,1.3228,12.435,0,0,0,0,0
0,2450,1.6397,0.00016018,88.319,1.2789,11.681,0,0,0,0,0
0,2455,1.6397,0.00015469,77.76,2.513,22.24,0,0,0,0,0
0,2460,1.6397,0.00014908,82.17,2.0857,17.83,0,0,0,0,0
0,2465,1.6397,0.00014298,90.18,1.1916,9.82,0,0,0,0,0
0,2470,1.6397,0.00013688,88.044,1.5059,11.956,0,0,0,0,0
0,2475,1.6397,0.00013079,77.956,2.8924,22.044,0,0,0,0,0
0,2480,1.6394,0.00011991,88.781,1.589,11.219,0,0,0,0,0
0,2485,1.638,8.9905e-05,92.531,1.3455,7.4686,0,0,0,0,0
0,2490,1.6365,5.9918e-05,87.874,3.0103,12.126,0,0,0,0,0
0,2495,1.6351,2.9949e-05,96.829,1.2624,3.1714,0,0,0,0,0
0,2500,1.6337,0,98.059,1.9405,1.9405,0,0,0,0,0
0,2502.5,1.6337,0,97.135,2.8648,2.8648,0,0,0,0,0
0,2505,1.6337,0,96.904,3.096,3.096,0,0,0,0,0
0,2507.5,1.6337,0,97.798,2.2021,2.2021,0,0,0,0,0
0,2510,1.6336,0,98.511,1.4894,1.4894,0,0,0,0,0
0,2512.6,1.6335,0,98.775,1.2248,1.2248,0,0,0,0,0
0,2515.1,1.6335,0,98.739,1.2608,1.2608,0,0,0,0,0
0,2517.6,1.6334,0,98.376,1.6244,1.6244,0,0,0,0,0
0,2520.2,1.6334,0,97.596,2.4043,2.4043,0,0,0,0,0
0,2522.7,1.6334,0,96.828,3.1717,3.1717,0,0,0,0,0
0,2525.3,1.6334,0,97.353,2.6467,2.6467,0,0,0,0,0
0,2527.8,1.6334,0,98.229,1.771,1.771,0,0,0,0,0
0,2530.4,1.6334,0,98.676,1.3235,1.3235,0,0,0,0,0
0,2532.9,1.6333,0,98.795,1.2053,1.2053,0,0,0,0,0
0,2535.5,1.6333,0,98.632,1.3685,1.3685,0,0,0,0,0
0,2538.1,1.6332,0,98.073,1.9271,1.9271,0,0,0,0,0
0,2540.6,1.633,0,97.055,2.9446,2.9446,0,0,0,0,0
0,2543.2,1.6328,0,97.097,2.9029,2.9029,0,0,0,0,0
0,2545.8,1.6328,0,98.02,1.9801,1.9801,0,0,0,0,0
0,2548.4,1.6329,0,98.569,1.4306,1.4306,0,0,0,0,0
0,2551,1.633,0,98.784,1.2162,1.2162,0,0,0,0,0
0,2553.6,1.6298,0,97.752,2.2477,2.2477,0,0,0,0,0
0,2556.2,1.6265,0,98.123,1.8772,1.8772,0,0,0,0,0
0,2558.8,1.6233,0,98.723,1.2775,1.2775,0,0,0,0,0
0,2561.5,1.6201,0,96.901,3.0985,3.0985,0,0,0,0,0
0,2564.1,1.6169,0,98.658,1.3423,1.3423,0,0,0,0,0
0,2566.7,1.623,0,96.893,3.1072,3.1072,0,0,0,0,0
0,2569.4,1.629,0,98.55,1.4502,1.4502,0,0,0,0,0
0,2572,1.6321,0,98.77,1.2296,1.2296,0,0,0,0,0
0,2574.7,1.6323,0,98.536,1.4642,1.4642,0,0,0,0,0
0,2577.3,1.6324,0,97.951,2.0495,2.0495,0,0,0,0,0
0,2580,1.6323,0,97.001,2.9993,2.9993,0,0,0,0,0
0,2582.6,1.6323,0,97.11,2.8901,2.8901,0,0,0,0,0
0,2585.3,1.6322,0,98.074,1.9257,1.9257,0,0,0,0,0
0,2588,1.6321,0,98.638,1.3625,1.3625,0,0,0,0,0
0,2590.7,1.6321,0,98.807,1.1932,1.1932,0,0,0,0,0
0,2593.4,1.6298,0,98.058,1.9424,1.9424,0,0,0,0,0
0,2596.1,1.6275,0,97.282,2.7182,2.7182,0,0,0,0,0
0,2598.8,1.627,0,98.354,1.6456,1.6456,0,0,0,0,0
0,2601.5,1.6283,0,98.477,1.5229,1.5229,0,0,0,0,0
0,2604.2,1.6296,0,98.577,1.4228,1.4228,0,0,0,0,0
0,2606.9,1.631,0,98.639,1.3611,1.3611,0,0,0,0,0
0,2609.6,1.6323,0,98.706,1.294,1.294,0,0,0,0,0
0,2612.3,1.633,0,98.801,1.1989,1.1989,0,0,0,0,0
0,2615.1,1.633,0,98.756,1.2436,1.2436,0,0,0,0,0
0,2617.8,1.633,0,98.418,1.5818,1.5818,0,0,0,0,0
0,2620.6,1.6329,0,97.606,2.3938,2.3938,0,0,0,0,0
0,2623.3,1.6327,0,96.877,3.1233,3.1233,0,0,0,0,0
0,2626.1,1.6326,0,97.606,2.3938,2.3938,0,0,0,0,0
0,2628.8,1.6325,0,98.418,1.5816,1.5816,0,0,0,0,0
0,2631.6,1.6324,0,98.769,1.2309,1.2309,0,0,0,0,0
0,2634.3,1.6324,0,98.802,1.1983,1.1983,0,0,0,0,0
0,2637.1,1.6324,0,98.565,1.4347,1.4347,0,0,0,0,0
0,2639.9,1.6325,0,97.995,2.0046,2.0046,0,0,0,0,0
0,2642.7,1.6327,0,97.186,2.814,2.814,0,0,0,0,0
0,2645.5,1.6328,0,96.97,3.0296,3.0296,0,0,0,0,0
0,2648.3,1.633,0,97.725,2.2753,2.2753,0,0,0,0,0
0,2651.1,1.6332,0,98.392,1.6081,1.6081,0,0,0,0,0
0,2653.9,1.6332,0,98.754,1.2464,1.2464,0,0,0,0,0
0,2656.8,1.6331,0,98.812,1.1882,1.1882,0,0,0,0,0
0,2659.6,1.633,0,98.572,1.4275,1.4275,0,0,0,0,0
0,2662.4,1.6329,0,97.908,2.0922,2.0922,0,0,0,0,0
0,2665.3,1.6329,0,97.028,2.9723,2.9723,0,0,0,0,0
0,2668.1,1.6328,0,97.228,2.7725,2.7725,0,0,0,0,0
0,2670.9,1.6327,0,98.166,1.8339,1.8339,0,0,0,0,0
0,2673.8,1.6327,0,98.668,1.3321,1.3321,0,0,0,0,0
0,2676.7,1.6327,0,98.827,1.173,1.173,0,0,0,0,0
0,2679.5,1.6327,0,98.728,1.2717,1.2717,0,0,0,0,0
0,2682.4,1.6327,0,98.318,1.6818,1.6818,0,0,0,0,0
0,2685.3,1.6329,0,97.602,2.3979,2.3979,0,0,0,0,0
0,2688.2,1.633,0,96.923,3.0768,3.0768,0,0,0,0,0
0,2691.1,1.6327,0,97.615,2.3848,2.3848,0,0,0,0,0
0,2694,1.6325,0,98.456,1.5441,1.5441,0,0,0,0,0
0,2696.9,1.6322,0,98.804,1.1956,1.1956,0,0,0,0,0
0,2699.8,1.6319,0,98.775,1.2253,1.2253,0,0,0,0,0
0,2702.7,1.6317,0,98.377,1.6226,1.6226,0,0,0,0,0
0,2705.6,1.6317,0,97.588,2.4125,2.4125,0,0,0,0,0
0,2708.6,1.6318,0,96.935,3.0647,3.0647,0,0,0,0,0
0,2711.5,1.6319,0,97.433,2.5666,2.5666,0,0,0,0,0
0,2714.4,1.6319,0,98.278,1.7217,1.7217,0,0,0,0,0
0,2717.4,1.632,0,98.703,1.2969,1.2969,0,0,0,0,0
0,2720.3,1.6319,0,98.838,1.1618,1.1618,0,0,0,0,0
0,2723.3,1.6317,0,98.671,1.3294,1.3294,0,0,0,0,0
0,2726.3,1.6316,0,98.122,1.8776,1.8776,0,0,0,0,0
0,2729.3,1.6315,0,97.192,2.8077,2.8077,0,0,0,0,0
0,2732.2,1.6314,0,97.126,2.8743,2.8743,0,0,0,0,0
0,2735.2,1.631,0,98.181,1.8193,1.8193,0,0,0,0,0
0,2738.2,1.6306,0,98.741,1.2593,1.2593,0,0,0,0,0
0,2741.2,1.6306,0,98.842,1.1583,1.1583,0,0,0,0,0
0,2744.2,1.6307,0,98.705,1.2946,1.2946,0,0,0,0,0
0,2747.3,1.6309,0,98.316,1.6841,1.6841,0,0,0,0,0
0,2750.3,1.6311,0,97.594,2.4059,2.4059,0,0,0,0,0
0,2753.3,1.6313,0,96.97,3.0296,3.0296,0,0,0,0,0
0,2756.3,1.6314,0,97.419,2.5807,2.5807,0,0,0,0,0
0,2759.4,1.6314,0,98.267,1.7326,1.7326,0,0,0,0,0
0,2762.4,1.6314,0,98.719,1.2811,1.2811,0,0,0,0,0
0,2765.5,1.6311,0,98.845,1.1546,1.1546,0,0,0,0,0
0,2768.5,1.6309,0,98.641,1.3589,1.3589,0,0,0,0,0
0,2771.6,1.6309,0,98.088,1.9124,1.9124,0,0,0,0,0
0,2774.7,1.6311,0,97.301,2.6988,2.6988,0,0,0,0,0
0,2777.8,1.6314,0,96.993,3.0075,3.0075,0,0,0,0,0
0,2780.9,1.6313,0,97.797,2.2029,2.2029,0,0,0,0,0
0,2784,1.6311,0,98.55,1.4495,1.4495,0,0,0,0,0
0,2787.1,1.6311,0,98.822,1.1778,1.1778,0,0,0,0,0
0,2790.2,1.6313,0,98.836,1.164,1.164,0,0,0,0,0
0,2793.3,1.6314,0,98.625,1.3754,1.3754,0,0,0,0,0
0,2796.4,1.6315,0,98.091,1.9094,1.9094,0,0,0,0,0
0,2799.6,1.6316,0,97.259,2.7407,2.7407,0,0,0,0,0
0,2802.7,1.6316,0,97.105,2.8953,2.8953,0,0,0,0,0
0,2805.8,1.6315,0,98.006,1.9943,1.9943,0,0,0,0,0
0,2809,1.6314,0,98.629,1.3715,1.3715,0,0,0,0,0
0,2812.2,1.6313,0,98.85,1.1505,1.1505,0,0,0,0,0
0,2815.3,1.6311,0,98.774,1.226,1.226,0,0,0,0,0
0,2818.5,1.6311,0,98.397,1.6033,1.6033,0,0,0,0,0
0,2821.7,1.6312,0,97.667,2.3333,2.3333,0,0,0,0,0
0,2824.9,1.6312,0,97.002,2.9984,2.9984,0,0,0,0,0
0,2828.1,1.6312,0,97.569,2.4312,2.4312,0,0,0,0,0
0,2831.3,1.6311,0,98.402,1.598,1.598,0,0,0,0,0
0,2834.5,1.631,0,98.79,1.2098,1.2098,0,0,0,0,0
0,2837.7,1.6308,0,98.851,1.1486,1.1486,0,0,0,0,0
0,2840.9,1.6307,0,98.617,1.3833,1.3833,0,0,0,0,0
0,2844.1,1.6307,0,98.022,1.978,1.978,0,0,0,0,0
0,2847.4,1.6307,0,97.167,2.8325,2.8325,0,0,0,0,0
0,2850.6,1.6307,0,97.244,2.7556,2.7556,0,0,0,0,0
0,2853.9,1.6309,0,98.024,1.9756,1.9756,0,0,0,0,0
0,2857.1,1.631,0,98.599,1.4008,1.4008,0,0,0,0,0
0,2860.4,1.6311,0,98.84,1.1597,1.1597,0,0,0,0,0
0,2863.7,1.6312,0,98.846,1.1545,1.1545,0,0,0,0,0
0,2867,1.6312,0,98.597,1.4034,1.4034,0,0,0,0,0
0,2870.3,1.6309,0,97.838,2.1622,2.1622,0,0,0,0,0
0,2873.6,1.6307,0,97.039,2.9608,2.9608,0,0,0,0,0
0,2876.9,1.6304,0,97.688,2.3117,2.3117,0,0,0,0,0
0,2880.2,1.6302,0,98.498,1.5017,1.5017,0,0,0,0,0
0,2883.5,1.63,0,98.836,1.1642,1.1642,0,0,0,0,0
0,2886.8,1.6299,0,98.847,1.1525,1.1525,0,0,0,0,0
0,2890.2,1.6298,0,98.569,1.4308,1.4308,0,0,0,0,0
0,2893.5,1.6298,0,97.918,2.0823,2.0823,0,0,0,0,0
0,2896.9,1.6298,0,97.116,2.8841,2.8841,0,0,0,0,0
0,2900.2,1.6298,0,97.389,2.6112,2.6112,0,0,0,0,0
0,2903.6,1.63,0,98.159,1.8406,1.8406,0,0,0,0,0
0,2907,1.6301,0,98.67,1.3303,1.3303,0,0,0,0,0
0,2910.4,1.6302,0,98.866,1.1336,1.1336,0,0,0,0,0
0,2913.8,1.6303,0,98.838,1.162,1.162,0,0,0,0,0
0,2917.2,1.6304,0,98.569,1.4307,1.4307,0,0,0,0,0
0,2920.6,1.6306,0,98.002,1.9975,1.9975,0,0,0,0,0
0,2924,1.6307,0,97.204,2.7963,2.7963,0,0,0,0,0
0,2927.4,1.6308,0,97.252,2.7484,2.7484,0,0,0,0,0
0,2930.8,1.6309,0,98.062,1.9384,1.9384,0,0,0,0,0
0,2934.3,1.6309,0,98.645,1.355,1.355,0,0,0,0,0
0,2937.7,1.6308,0,98.874,1.126,1.126,0,0,0,0,0
0,2941.2,1.6307,0,98.824,1.1764,1.1764,0,0,0,0,0
0,2944.6,1.6303,0,98.375,1.6246,1.6246,0,0,0,0,0
0,2948.1,1.6299,0,97.403,2.5971,2.5971,0,0,0,0,0
0,2951.6,1.6297,0,97.207,2.7926,2.7926,0,0,0,0,0
0,2955.1,1.6295,0,98.121,1.879,1.879,0,0,0,0,0
0,2958.6,1.6294,0,98.693,1.3074,1.3074,0,0,0,0,0
0,2962.1,1.6294,0,98.884,1.1164,1.1164,0,0,0,0,0
0,2965.6,1.6294,0,98.828,1.172,1.172,0,0,0,0,0
0,2969.1,1.6293,0,98.469,1.5314,1.5314,0,0,0,0,0
0,2972.6,1.6292,0,97.684,2.316,2.316,0,0,0,0,0
0,2976.2,1.6291,0,97.095,2.9046,2.9046,0,0,0,0,0
0,2979.7,1.629,0,97.788,2.2116,2.2116,0,0,0,0,0
0,2983.3,1.6288,0,98.554,1.4458,1.4458,0,0,0,0,0
0,2986.9,1.6289,0,98.843,1.1567,1.1567,0,0,0,0,0
0,2990.4,1.6291,0,98.892,1.108,1.108,0,0,0,0,0
0,2994,1.6294,0,98.761,1.239,1.239,0,0,0,0,0
0,2997.6,1.6296,0,98.377,1.623,1.623,0,0,0,0,0
0,3001.2,1.6299,0,97.721,2.2787,2.2787,0,0,0,0,0
0,3004.8,1.63,0,97.11,2.8898,2.8898,0,0,0,0,0
0,3008.4,1.63,0,97.635,2.3646,2.3646,0,0,0,0,0
0,3012,1.63,0,98.414,1.586,1.586,0,0,0,0,0
0,3015.7,1.6299,0,98.816,1.1841,1.1841,0,0,0,0,0
0,3019.3,1.6297,0,98.897,1.1029,1.1029,0,0,0,0,0
0,3023,1.6297,0,98.715,1.2846,1.2846,0,0,0,0,0
0,3026.6,1.6297,0,98.2,1.7995,1.7995,0,0,0,0,0
0,3030.3,1.6297,0,97.368,2.6317,2.6317,0,0,0,0,0
0,3034,1.6296,0,97.279,2.7209,2.7209,0,0,0,0,0
0,3037.7,1.6294,0,98.183,1.8174,1.8174,0,0,0,0,0
0,3041.4,1.6293,0,98.726,1.2739,1.2739,0,0,0,0,0
0,3045.1,1.629,0,98.909,1.0913,1.0913,0,0,0,0,0
0,3048.8,1.6288,0,98.784,1.2157,1.2157,0,0,0,0,0
0,3052.5,1.6287,0,98.324,1.676,1.676,0,0,0,0,0
0,3056.2,1.6285,0,97.436,2.5639,2.5639,0,0,0,0,0
0,3060,1.6285,0,97.23,2.7698,2.7698,0,0,0,0,0
0,3063.7,1.6286,0,97.982,2.0182,2.0182,0,0,0,0,0
0,3067.5,1.6288,0,98.569,1.4314,1.4314,0,0,0,0,0
0,3071.3,1.6288,0,98.867,1.1331,1.1331,0,0,0,0,0
0,3075,1.6288,0,98.901,1.0986,1.0986,0,0,0,0,0
0,3078.8,1.6288,0,98.691,1.3088,1.3088,0,0,0,0,0
0,3082.6,1.629,0,98.213,1.7871,1.7871,0,0,0,0,0
0,3086.4,1.6291,0,97.427,2.5725,2.5725,0,0,0,0,0
0,3090.2,1.6288,0,97.348,2.6518,2.6518,0,0,0,0,0
0,3094.1,1.6286,0,98.243,1.7573,1.7573,0,0,0,0,0
0,3097.9,1.6283,0,98.785,1.2153,1.2153,0,0,0,0,0
0,3101.7,1.6281,0,98.921,1.0791,1.0791,0,0,0,0,0
0,3105.6,1.6279,0,98.77,1.2296,1.2296,0,0,0,0,0
0,3109.4,1.6277,0,98.243,1.7574,1.7574,0,0,0,0,0
0,3113.3,1.6276,0,97.39,2.6104,2.6104,0,0,0,0,0
0,3117.2,1.6277,0,97.28,2.7199,2.7199,0,0,0,0,0
0,3121.1,1.6279,0,97.996,2.0043,2.0043,0,0,0,0,0
0,3125,1.6282,0,98.556,1.4437,1.4437,0,0,0,0,0
0,3128.9,1.6284,0,98.85,1.1499,1.1499,0,0,0,0,0
0,3132.8,1.6286,0,98.922,1.078,1.078,0,0,0,0,0
0,3136.8,1.6288,0,98.804,1.1957,1.1957,0,0,0,0,0
0,3140.7,1.6288,0,98.388,1.6124,1.6124,0,0,0,0,0
0,3144.7,1.6288,0,97.604,2.3964,2.3964,0,0,0,0,0
0,3148.6,1.6285,0,97.248,2.7519,2.7519,0,0,0,0,0
0,3152.6,1.6283,0,98.102,1.8976,1.8976,0,0,0,0,0
0,3156.6,1.6281,0,98.713,1.2868,1.2868,0,0,0,0,0
0,3160.6,1.628,0,98.917,1.0831,1.0831,0,0,0,0,0
0,3164.6,1.6279,0,98.857,1.1429,1.1429,0,0,0,0,0
0,3168.6,1.6279,0,98.523,1.4767,1.4767,0,0,0,0,0
0,3172.6,1.6279,0,97.814,2.1858,2.1858,0,0,0,0,0
0,3176.6,1.628,0,97.19,2.8098,2.8098,0,0,0,0,0
0,3180.7,1.6283,0,97.537,2.463,2.463,0,0,0,0,0
0,3184.7,1.6286,0,98.239,1.7613,1.7613,0,0,0,0,0
0,3188.8,1.6286,0,98.744,1.2564,1.2564,0,0,0,0,0
0,3192.8,1.6286,0,98.921,1.0786,1.0786,0,0,0,0,0
0,3196.9,1.6285,0,98.854,1.1464,1.1464,0,0,0,0,0
0,3201,1.6284,0,98.484,1.5161,1.5161,0,0,0,0,0
0,3205.1,1.6282,0,97.664,2.3356,2.3356,0,0,0,0,0
0,3209.2,1.628,0,97.22,2.7802,2.7802,0,0,0,0,0
0,3213.4,1.6278,0,98.022,1.978,1.978,0,0,0,0,0
0,3217.5,1.6276,0,98.677,1.3229,1.3229,0,0,0,0,0
0,3221.7,1.6275,0,98.913,1.0868,1.0868,0,0,0,0,0
0,3225.8,1.6273,0,98.874,1.1257,1.1257,0,0,0,0,0
0,3230,1.6273,0,98.565,1.4345,1.4345,0,0,0,0,0
0,3234.2,1.6273,0,97.886,2.1141,2.1141,0,0,0,0,0
0,3238.3,1.6272,0,97.202,2.7977,2.7977,0,0,0,0,0
0,3242.5,1.627,0,97.775,2.2249,2.2249,0,0,0,0,0
0,3246.8,1.6267,0,98.572,1.4278,1.4278,0,0,0,0,0
0,3251,1.6267,0,98.879,1.1213,1.1213,0,0,0,0,0
0,3255.2,1.6267,0,98.923,1.0773,1.0773,0,0,0,0,0
0,3259.5,1.6267,0,98.73,1.2702,1.2702,0,0,0,0,0
0,3263.7,1.6267,0,98.206,1.7935,1.7935,0,0,0,0,0
0,3268,1.6267,0,97.404,2.5965,2.5965,0,0,0,0,0
0,3272.3,1.6266,0,97.389,2.611,2.611,0,0,0,0,0
0,3276.5,1.6265,0,98.227,1.7734,1.7734,0,0,0,0,0
0,3280.8,1.6263,0,98.769,1.2307,1.2307,0,0,0,0,0
0,3285.1,1.6261,0,98.935,1.0652,1.0652,0,0,0,0,0
0,3289.5,1.6258,0,98.81,1.1898,1.1898,0,0,0,0,0
0,3293.8,1.6256,0,98.329,1.6711,1.6711,0,0,0,0,0
0,3298.2,1.6253,0,97.435,2.5651,2.5651,0,0,0,0,0
0,3302.5,1.6248,0,97.511,2.4892,2.4892,0,0,0,0,0
0,3306.9,1.6241,0,98.502,1.4983,1.4983,0,0,0,0,0
0,3311.3,1.6234,0,98.907,1.0926,1.0926,0,0,0,0,0
0,3315.7,1.6223,0.00012014,92.882,1.1351,7.1177,0,0,0,0,0
0,3320.1,1.6212,0.00024158,79.942,1.7274,20.058,0,0,0,0,0
0,3324.5,1.6203,0.00066298,42.864,1.8825,57.136,0,0,0,0,0
0,3328.9,1.6196,0.0013946,31.122,1.061,68.878,0,0,0,0,0
0,3333.3,1.6188,0.0021438,33.431,0.63092,66.569,0,0,0,0,0
0,3337.8,1.6177,0.005036,13.503,0.22675,86.497,0,0,0,0,0
0,3342.3,1.6166,0.0079395,5.8118,0.081337,94.188,0,0,0,0,0
0,3346.7,1.6176,0.011571,5.3417,0.020947,94.658,0,0,0,0,0
0,3351.2,1.6206,0.015967,5.5976,0.0040466,94.402,0,0,0,0,0
0,3355.7,1.6236,0.020374,5.659,0.00078362,94.341,0,0,0,0,0
0,3360.2,1.629,0.017476,5.7922,0.0023439,94.208,0,0,0,0,0
0,3364.7,1.6344,0.014568,5.9075,0.0070181,94.093,0,0,0,0,0
0,3369.3,1.6365,0.011652,6.1725,0.020943,93.828,0,0,0,0,0
0,3373.8,1.6354,0.0087292,7.6155,0.061616,92.385,0,0,0,0,0
0,3378.4,1.6343,0.0058019,7.5619,0.18583,92.438,0,0,0,0,0
0,3383,1.633,0.0055444,1.7852,0.21837,98.215,0,0,0,0,0
0,3387.5,1.6317,0.0052981,3.9341,0.23544,96.066,0,0,0,0,0
0,3392.1,1.6308,0.005604,9.9978,0.19651,90.002,0,0,0,0,0
0,3396.7,1.6304,0.0064506,10.471,0.14209,89.529,0,0,0,0,0
0,3401.4,1.6301,0.0072988,8.1058,0.10641,91.894,0,0,0,0,0
0,3406,1.6318,0.0076705,7.3952,0.093791,92.605,0,0,0,0,0
0,3410.6,1.6335,0.0080396,6.782,0.082707,93.218,0,0,0,0,0
0,3415.3,1.6347,0.0076284,6.0137,0.097518,93.986,0,0,0,0,0
0,3420,1.6354,0.0064129,4.1841,0.15681,95.816,0,0,0,0,0
0,3424.7,1.6362,0.0051918,1.622,0.25625,98.378,0,0,0,0,0
0,3429.4,1.6353,0.0044523,2.7635,0.33852,97.236,0,0,0,0,0
0,3434.1,1.6345,0.0037156,14.998,0.39947,85.002,0,0,0,0,0
0,3438.8,1.6342,0.0029843,27.548,0.46817,72.452,0,0,0,0,0
0,3443.5,1.6346,0.0022563,36.936,0.58313,63.064,0,0,0,0,0
0,3448.3,1.6349,0.0015266,45.158,0.79222,54.842,0,0,0,0,0
0,3453,1.6338,0.0016446,22.533,1.0319,77.467,0,0,0,0,0
0,3457.8,1.6327,0.0017664,11.777,1.0877,88.223,0,0,0,0,0
0,3462.6,1.6321,0.0023148,20.37,0.71754,79.63,0,0,0,0,0
0,3467.4,1.632,0.0032915,21.509,0.44593,78.491,0,0,0,0,0
0,3472.2,1.6318,0.0042602,18.509,0.31055,81.491,0,0,0,0,0
0,3477.1,1.6323,0.0032878,23.855,0.43389,76.145,0,0,0,0,0
0,3481.9,1.6328,0.0023133,28.704,0.64451,71.296,0,0,0,0,0
0,3486.8,1.633,0.0017668,25.165,0.92678,74.835,0,0,0,0,0
0,3491.6,1.633,0.0016451,14.2,1.1525,85.8,0,0,0,0,0
0,3496.5,1.633,0.0015233,18.493,1.1936,81.507,0,0,0,0,0
0,3501.4,1.6328,0.0012805,40.77,1.0458,59.23,0,0,0,0,0
0,3506.3,1.6325,0.0010372,59.831,0.88291,40.169,0,0,0,0,0
0,3511.2,1.6323,0.00091383,66.422,0.83912,33.578,0,0,0,0,0
0,3516.2,1.6321,0.00091379,62.497,0.93684,37.503,0,0,0,0,0
0,3521.1,1.6318,0.00091301,50.234,1.2449,49.766,0,0,0,0,0
0,3526.1,1.6318,0.00079215,41.23,1.6984,58.77,0,0,0,0,0
0,3531.1,1.6318,0.00067081,46.49,1.8276,53.51,0,0,0,0,0
0,3536.1,1.6318,0.00054897,64.881,1.4619,35.119,0,0,0,0,0
0,3541.1,1.6316,0.00042688,79.302,1.0985,20.698,0,0,0,0,0
0,3546.1,1.6315,0.00030456,86.636,0.97494,13.364,0,0,0,0,0
0,3551.1,1.6314,0.00018273,90.837,1.0632,9.1628,0,0,0,0,0
0,3556.2,1.6313,6.0667e-05,94.918,1.441,5.082,0,0,0,0,0
0,3561.3,1.6311,6.1146e-05,92.231,2.1925,7.7687,0,0,0,0,0
0,3566.3,1.6308,0.00018295,79.094,2.4313,20.906,0,0,0,0,0
0,3571.4,1.6306,0.00030593,76.91,1.6854,23.09,0,0,0,0,0
0,3576.5,1.6307,0.00054907,72.924,1.1341,27.076,0,0,0,0,0
0,3581.7,1.6308,0.0007927,69.556,0.8888,30.444,0,0,0,0,0
0,3586.8,1.631,0.0008522,68.468,0.85614,31.532,0,0,0,0,0
0,3592,1.6311,0.00073064,68.242,1.0051,31.758,0,0,0,0,0
0,3597.1,1.6312,0.00060861,64.074,1.362,35.926,0,0,0,0,0
0,3602.3,1.6312,0.00048703,58.775,1.9433,41.225,0,0,0,0,0
0,3607.5,1.6312,0.00036545,65.387,2.1501,34.613,0,0,0,0,0
0,3612.7,1.6311,0.00024363,81.863,1.6444,18.137,0,0,0,0,0
0,3617.9,1.631,0.00012204,92.762,1.2033,7.2378,0,0,0,0,0
0,3623.2,1.6309,2.3229e-07,98.951,1.0395,1.0495,0,0,0,0,0
0,3628.4,1.6307,0,98.904,1.0964,1.0964,0,0,0,0,0
0,3633.7,1.6304,0,98.514,1.486,1.486,0,0,0,0,0
0,3639,1.6302,0,97.718,2.282,2.282,0,0,0,0,0
0,3644.3,1.6301,0,97.323,2.6773,2.6773,0,0,0,0,0
0,3649.6,1.63,0,98.053,1.9474,1.9474,0,0,0,0,0
0,3655,1.63,0,98.67,1.3298,1.3298,0,0,0,0,0
0,3660.3,1.63,0,98.937,1.0635,1.0635,0,0,0,0,0
0,3665.7,1.63,6.0667e-05,96.419,1.0293,3.5813,0,0,0,0,0
0,3671.1,1.63,0.000182,89.884,1.1978,10.116,0,0,0,0,0
0,3676.5,1.63,0.00030378,78.381,1.6095,21.619,0,0,0,0,0
0,3681.9,1.63,0.00030446,70.504,2.1953,29.496,0,0,0,0,0
0,3687.3,1.63,0.00030446,71.513,2.1247,28.487,0,0,0,0,0
0,3692.8,1.63,0.00030446,79.632,1.5217,20.368,0,0,0,0,0
0,3698.2,1.63,0.00030446,85.093,1.1144,14.907,0,0,0,0,0
0,3703.7,1.63,0.00030446,87.122,0.96241,12.878,0,0,0,0,0
0,3709.2,1.6301,0.00018312,91.304,1.0304,8.696,0,0,0,0,0
0,3714.7,1.6302,6.1557e-05,95.355,1.3275,4.6446,0,0,0,0,0
0,3720.2,1.6302,6.0454e-05,93.305,1.9398,6.6947,0,0,0,0,0
0,3725.8,1.6301,0.00018268,79.68,2.42,20.32,0,0,0,0,0
0,3731.3,1.63,0.00030446,74.352,1.9261,25.648,0,0,0,0,0
0,3736.9,1.6302,0.00030448,81.559,1.3868,18.441,0,0,0,0,0
0,3742.5,1.6305,0.00030449,85.671,1.0783,14.329,0,0,0,0,0
0,3748.1,1.6306,0.00024339,89.532,0.96756,10.468,0,0,0,0,0
0,3753.8,1.6306,0.00012202,93.722,1.0605,6.2784,0,0,0,0,0
0,3759.4,1.6306,0,98.575,1.4248,1.4248,0,0,0,0,0
0,3765.1,1.6304,0,97.815,2.1847,2.1847,0,0,0,0,0
0,3770.7,1.6301,0,97.36,2.6402,2.6402,0,0,0,0,0
0,3776.4,1.6297,0,98.172,1.8278,1.8278,0,0,0,0,0
0,3782.2,1.6293,0,98.793,1.2072,1.2072,0,0,0,0,0
0,3787.9,1.6288,0,98.988,1.0122,1.0122,0,0,0,0,0
0,3793.6,1.6287,0.00012111,93.695,1.0758,6.3046,0,0,0,0,0
0,3799.4,1.6285,0.00024285,84.877,1.4062,15.123,0,0,0,0,0
0,3805.2,1.6286,0.00042528,66.691,1.8405,33.309,0,0,0,0,0
0,3811,1.629,0.00066883,47.194,1.8882,52.806,0,0,0,0,0
0,3816.8,1.6294,0.00091284,42.474,1.5143,57.526,0,0,0,0,0
0,3822.6,1.6295,0.00067016,65.167,1.2478,34.833,0,0,0,0,0
0,3828.5,1.6296,0.00042621,81.405,1.0319,18.595,0,0,0,0,0
0,3834.4,1.6297,0.00024355,89.742,0.95824,10.258,0,0,0,0,0
0,3840.3,1.6297,0.00012239,93.795,1.0561,6.2051,0,0,0,0,0
0,3846.2,1.6297,1.0285e-06,98.517,1.4244,1.4827,0,0,0,0,0
0,3852.1,1.6296,0,97.849,2.1512,2.1512,0,0,0,0,0
0,3858,1.6294,0,97.374,2.6257,2.6257,0,0,0,0,0
0,3864,1.6294,6.0681e-05,93.426,1.9324,6.5742,0,0,0,0,0
0,3870,1.6294,0.00018204,89.531,1.2762,10.469,0,0,0,0,0
0,3876,1.6294,0.00030381,87.157,0.98524,12.843,0,0,0,0,0
0,3882,1.6295,0.00018366,91.973,0.97053,8.027,0,0,0,0,0
0,3888,1.6296,6.2097e-05,96.021,1.151,3.9793,0,0,0,0,0
0,3894.1,1.6296,0,98.367,1.6332,1.6332,0,0,0,0,0
0,3900.2,1.6295,0,97.58,2.4197,2.4197,0,0,0,0,0
0,3906.3,1.6294,0,97.524,2.4755,2.4755,0,0,0,0,0
0,3912.4,1.6294,0,98.28,1.7197,1.7197,0,0,0,0,0
0,3918.5,1.6294,0,98.795,1.2048,1.2048,0,0,0,0,0
0,3924.7,1.6294,0,98.991,1.0086,1.0086,0,0,0,0,0
0,3930.8,1.6294,0,98.963,1.0373,1.0373,0,0,0,0,0
0,3937,1.6294,0,98.693,1.3071,1.3071,0,0,0,0,0
0,3943.2,1.6293,0,98.05,1.9502,1.9502,0,0,0,0,0
0,3949.5,1.6291,0,97.393,2.6069,2.6069,0,0,0,0,0
0,3955.7,1.6291,0,97.863,2.1371,2.1371,0,0,0,0,0
0,3962,1.6291,0,98.566,1.4344,1.4344,0,0,0,0,0
0,3968.3,1.6291,0,98.92,1.0799,1.0799,0,0,0,0,0
0,3974.6,1.6292,0,99.011,0.98932,0.98932,0,0,0,0,0
0,3980.9,1.6293,0,98.902,1.0976,1.0976,0,0,0,0,0
0,3987.2,1.6294,0,98.541,1.4586,1.4586,0,0,0,0,0
0,3993.6,1.6294,0,97.83,2.1701,2.1701,0,0,0,0,0
0,4000,1.6294,0,97.416,2.5843,2.5843,0,0,0,0,0
0,4006.4,1.6293,0,98.075,1.9251,1.9251,0,0,0,0,0
0,4012.8,1.6291,0,98.726,1.2743,1.2743,0,0,0,0,0
0,4019.3,1.6291,0,98.98,1.0198,1.0198,0,0,0,0,0
0,4025.8,1.6291,0,99,1.0005,1.0005,0,0,0,0,0
0,4032.3,1.6291,0,98.794,1.2057,1.2057,0,0,0,0,0
0,4038.8,1.629,0,98.245,1.7554,1.7554,0,0,0,0,0
0,4045.3,1.6288,0,97.485,2.5153,2.5153,0,0,0,0,0
0,4051.9,1.6287,0,97.739,2.2611,2.2611,0,0,0,0,0
0,4058.4,1.6284,0,98.54,1.4604,1.4604,0,0,0,0,0
0,4065,1.6282,0,98.932,1.068,1.068,0,0,0,0,0
0,4071.7,1.628,0,99.02,0.98007,0.98007,0,0,0,0,0
0,4078.3,1.6279,0,98.869,1.1308,1.1308,0,0,0,0,0
0,4085,1.6279,0,98.429,1.5708,1.5708,0,0,0,0,0
0,4091.6,1.6279,0,97.693,2.3069,2.3069,0,0,0,0,0
0,4098.4,1.6279,0,97.522,2.4776,2.4776,0,0,0,0,0
0,4105.1,1.628,0,98.208,1.7916,1.7916,0,0,0,0,0
0,4111.8,1.6281,0,98.753,1.2472,1.2472,0,0,0,0,0
0,4118.6,1.6281,0,98.996,1.004,1.004,0,0,0,0,0
0,4125.4,1.628,0,99.005,0.99451,0.99451,0,0,0,0,0
0,4132.2,1.6279,0,98.773,1.2271,1.2271,0,0,0,0,0
0,4139.1,1.6277,0,98.165,1.8352,1.8352,0,0,0,0,0
0,4145.9,1.6276,0,97.48,2.5201,2.5201,0,0,0,0,0
0,4152.8,1.6276,6.0155e-05,92.962,2.1387,7.038,0,0,0,0,0
0,4159.7,1.6276,0.0001817,88.902,1.4039,11.098,0,0,0,0,0
0,4166.7,1.6276,0.00030376,87.204,1.0203,12.796,0,0,0,0,0
0,4173.6,1.6279,0.00018329,92.52,0.94073,7.4805,0,0,0,0,0
0,4180.6,1.6283,6.1218e-05,96.653,1.0083,3.3466,0,0,0,0,0
0,4187.6,1.6284,0,98.717,1.2834,1.2834,0,0,0,0,0
0,4194.6,1.6283,0,98.084,1.9159,1.9159,0,0,0,0,0
0,4201.7,1.6282,0,97.453,2.5468,2.5468,0,0,0,0,0
0,4208.8,1.6282,0,97.882,2.1183,2.1183,0,0,0,0,0
0,4215.8,1.6282,0,98.576,1.4237,1.4237,0,0,0,0,0
0,4223,1.6281,0,98.941,1.0593,1.0593,0,0,0,0,0
0,4230.1,1.628,0,99.026,0.97355,0.97355,0,0,0,0,0
0,4237.3,1.6279,0,98.883,1.1168,1.1168,0,0,0,0,0
0,4244.5,1.628,0,98.478,1.5225,1.5225,0,0,0,0,0
0,4251.7,1.6281,0,97.775,2.225,2.225,0,0,0,0,0
0,4258.9,1.628,0,97.499,2.501,2.501,0,0,0,0,0
0,4266.2,1.6278,0,98.241,1.759,1.759,0,0,0,0,0
0,4273.5,1.6276,0,98.808,1.192,1.192,0,0,0,0,0
0,4280.8,1.6274,0,99.016,0.98398,0.98398,0,0,0,0,0
0,4288.2,1.6273,0,98.977,1.0226,1.0226,0,0,0,0,0
0,4295.5,1.6272,0,98.681,1.3188,1.3188,0,0,0,0,0
0,4302.9,1.6271,0,98.023,1.9767,1.9767,0,0,0,0,0
0,4310.3,1.6269,6.5089e-07,97.386,2.5527,2.6137,0,0,0,0,0
0,4317.8,1.6271,0.00012186,89.133,1.9916,10.867,0,0,0,0,0
0,4325.3,1.6272,0.00024341,86.81,1.3341,13.19,0,0,0,0,0
0,4332.8,1.6273,0.00030427,87.773,1.0104,12.227,0,0,0,0,0
0,4340.3,1.6274,0.00030428,88.869,0.92003,11.131,0,0,0,0,0
0,4347.8,1.6276,0.00030381,87.949,0.99786,12.051,0,0,0,0,0
0,4355.4,1.6276,0.00018257,89.759,1.3399,10.241,0,0,0,0,0
0,4363,1.6276,6.0858e-05,93.453,2.0408,6.5467,0,0,0,0,0
0,4370.6,1.6274,0,97.459,2.5409,2.5409,0,0,0,0,0
0,4378.3,1.6272,0,98.133,1.8667,1.8667,0,0,0,0,0
0,4386,1.6269,0,98.768,1.232,1.232,0,0,0,0,0
0,4393.7,1.6271,0.00024183,90.646,0.96404,9.354,0,0,0,0,0
0,4401.4,1.6272,0.00048588,83.291,0.90171,16.709,0,0,0,0,0
0,4409.2,1.6274,0.00054817,78.629,1.0282,21.371,0,0,0,0,0
0,4417,1.6276,0.00042664,77.038,1.4047,22.962,0,0,0,0,0
0,4424.8,1.6279,0.00030463,76.238,1.9947,23.762,0,0,0,0,0
0,4432.6,1.6277,0.00018289,82.858,2.2786,17.142,0,0,0,0,0
0,4440.5,1.6276,6.0549e-05,94.641,1.7001,5.3588,0,0,0,0,0
0,4448.4,1.6274,0,98.82,1.1803,1.1803,0,0,0,0,0
0,4456.3,1.6272,0,99.019,0.9814,0.9814,0,0,0,0,0
0,4464.3,1.6269,0,98.963,1.0374,1.0374,0,0,0,0,0
0,4472.3,1.6269,0.00024248,87.812,1.2686,12.188,0,0,0,0,0
0,4480.3,1.6269,0.00048649,69.298,1.6799,30.702,0,0,0,0,0
0,4488.3,1.627,0.0006085,55.884,1.9538,44.116,0,0,0,0,0
0,4496.4,1.6271,0.00060852,61.9,1.6927,38.1,0,0,0,0,0
0,4504.5,1.6272,0.00060854,72.32,1.2327,27.68,0,0,0,0,0
0,4512.6,1.6274,0.00048714,82.074,0.98927,17.926,0,0,0,0,0
0,4520.8,1.6275,0.00036544,87.405,0.91123,12.595,0,0,0,0,0
0,4529,1.6274,0.00024387,90.3,1.0159,9.6995,0,0,0,0,0
0,4537.2,1.6272,0.00012244,92.55,1.4097,7.4501,0,0,0,0,0
0,4545.4,1.6269,7.3847e-07,97.708,2.2345,2.2921,0,0,0,0,0
0,4553.7,1.6269,0,97.502,2.4979,2.4979,0,0,0,0,0
0,4562,1.6269,0,98.182,1.8177,1.8177,0,0,0,0,0
0,4570.4,1.6269,0,98.753,1.2466,1.2466,0,0,0,0,0
0,4578.8,1.6269,0,98.997,1.0029,1.0029,0,0,0,0,0
0,4587.2,1.6269,0,99.011,0.98851,0.98851,0,0,0,0,0
0,4595.6,1.6268,0,98.793,1.207,1.207,0,0,0,0,0
0,4604.1,1.6267,0,98.237,1.7632,1.7632,0,0,0,0,0
0,4612.5,1.6266,0,97.521,2.4794,2.4794,0,0,0,0,0
0,4621.1,1.6266,0,97.741,2.259,2.259,0,0,0,0,0
0,4629.6,1.6266,0,98.468,1.5318,1.5318,0,0,0,0,0
0,4638.2,1.6265,0,98.899,1.1014,1.1014,0,0,0,0,0
0,4646.8,1.6264,0,99.031,0.96898,0.96898,0,0,0,0,0
0,4655.5,1.6263,0,98.938,1.0616,1.0616,0,0,0,0,0
0,4664.2,1.6263,0,98.585,1.415,1.415,0,0,0,0,0
0,4672.9,1.6263,0,97.898,2.102,2.102,0,0,0,0,0
0,4681.7,1.6262,0,97.475,2.5248,2.5248,0,0,0,0,0
0,4690.4,1.6261,0,98.112,1.8876,1.8876,0,0,0,0,0
0,4699.3,1.626,0.00012194,93.667,1.2367,6.3334,0,0,0,0,0
0,4708.1,1.6259,0.00036445,87.441,0.942,12.559,0,0,0,0,0
0,4717,1.6257,0.00060776,80.786,0.88798,19.214,0,0,0,0,0
0,4725.9,1.6259,0.00072972,73.86,1.0125,26.14,0,0,0,0,0
0,4734.8,1.626,0.00085182,60.904,1.3035,39.096,0,0,0,0,0
0,4743.8,1.6261,0.00091255,46.666,1.6662,53.334,0,0,0,0,0
0,4752.8,1.6262,0.00091257,46.221,1.6857,53.779,0,0,0,0,0
0,4761.9,1.6263,0.0009126,58.355,1.3091,41.645,0,0,0,0,0
0,4771,1.6262,0.0007913,72.405,0.99953,27.595,0,0,0,0,0
0,4780.1,1.6261,0.0006696,79.555,0.87132,20.445,0,0,0,0,0
0,4789.3,1.6261,0.0006688,79.04,0.89411,20.96,0,0,0,0,0
0,4798.5,1.6262,0.00079037,70.895,1.056,29.105,0,0,0,0,0
0,4807.7,1.6263,0.00091247,56.469,1.374,43.531,0,0,0,0,0
0,4817,1.6263,0.0009126,45.325,1.7307,54.675,0,0,0,0,0
0,4826.3,1.6263,0.0009126,49.708,1.5972,50.292,0,0,0,0,0
0,4835.6,1.6264,0.00091262,62.343,1.199,37.657,0,0,0,0,0
0,4845,1.6265,0.00091264,70.853,0.92922,29.147,0,0,0,0,0
0,4854.4,1.6266,0.00091267,74.05,0.82738,25.95,0,0,0,0,0
0,4863.8,1.6265,0.00067005,78.751,0.91591,21.249,0,0,0,0,0
0,4873.3,1.6264,0.00042563,81.418,1.2349,18.582,0,0,0,0,0
0,4882.8,1.6263,0.0003042,79.687,1.8455,20.313,0,0,0,0,0
0,4892.4,1.6263,0.0003042,75.596,2.224,24.404,0,0,0,0,0
0,4902,1.6263,0.0003042,80.499,1.7825,19.501,0,0,0,0,0
0,4911.6,1.6261,0.00030418,86.718,1.2163,13.282,0,0,0,0,0
0,4921.3,1.6259,0.00030416,89.584,0.9542,10.416,0,0,0,0,0
0,4931,1.6257,0.00036486,88.154,0.91776,11.846,0,0,0,0,0
0,4940.7,1.6257,0.00048627,82.059,1.0624,17.941,0,0,0,0,0
0,4950.5,1.6257,0.00060831,70.518,1.4123,29.482,0,0,0,0,0
0,4960.3,1.6256,0.0007297,54.833,1.8201,45.167,0,0,0,0,0
0,4970.2,1.6255,0.00085158,51.663,1.6808,48.337,0,0,0,0,0
0,4980.1,1.6255,0.0010341,58.437,1.1963,41.563,0,0,0,0,0
0,4990,1.6256,0.0012769,62.3,0.87951,37.7,0,0,0,0,0
0,5000,1.6257,0.0015208,61.874,0.74436,38.126,0,0,0,0,0
0,5010,1.626,0.0013994,63.361,0.77904,36.639,0,0,0,0,0
0,5020.1,1.6262,0.0012776,59.855,0.93682,40.145,0,0,0,0,0
0,5030.2,1.6263,0.001156,51.083,1.2646,48.917,0,0,0,0,0
0,5040.3,1.6263,0.0010345,42.814,1.6566,57.186,0,0,0,0,0
0,5050.5,1.6263,0.00091248,50.626,1.6248,49.374,0,0,0,0,0
0,5060.7,1.6262,0.00079102,67.496,1.2335,32.504,0,0,0,0,0
0,5071,1.6261,0.00066908,78.57,0.95751,21.43,0,0,0,0,0
0,5081.3,1.626,0.00066943,80.817,0.85644,19.183,0,0,0,0,0
0,5091.6,1.626,0.00079098,76.126,0.90638,23.874,0,0,0,0,0
0,5102,1.626,0.00091253,65.995,1.1232,34.005,0,0,0,0,0
0,5112.5,1.6262,0.00091256,54.547,1.5047,45.453,0,0,0,0,0
0,5123,1.6263,0.00091259,46.809,1.7666,53.191,0,0,0,0,0
0,5133.5,1.6263,0.00085188,57.207,1.5255,42.793,0,0,0,0,0
0,5144,1.6263,0.0007302,72.475,1.1426,27.525,0,0,0,0,0
0,5154.6,1.6263,0.00060795,81.381,0.92274,18.619,0,0,0,0,0
0,5165.3,1.6261,0.00048658,85.573,0.88309,14.427,0,0,0,0,0
0,5176,1.6258,0.00036477,86.83,1.0544,13.17,0,0,0,0,0
0,5186.7,1.6257,0.00030415,84.289,1.4872,15.711,0,0,0,0,0
0,5197.5,1.6257,0.00030415,78.104,2.0781,21.896,0,0,0,0,0
0,5208.3,1.6257,0.00030415,78.055,2.0894,21.945,0,0,0,0,0
0,5219.2,1.6257,0.00030414,84.286,1.5001,15.714,0,0,0,0,0
0,5230.1,1.6258,0.00030413,88.626,1.0873,11.374,0,0,0,0,0
0,5241.1,1.6258,0.00036461,88.805,0.90662,11.195,0,0,0,0,0
0,5252.1,1.626,0.00048592,85.428,0.90263,14.572,0,0,0,0,0
0,5263.2,1.6261,0.00060778,78.757,1.0641,21.243,0,0,0,0,0
0,5274.3,1.6261,0.00048723,75.46,1.5189,24.54,0,0,0,0,0
0,5285.4,1.6261,0.00036526,74.099,2.1033,25.901,0,0,0,0,0
0,5296.6,1.6261,0.00030411,79.402,1.9837,20.598,0,0,0,0,0
0,5307.9,1.6259,0.0003041,85.908,1.3604,14.092,0,0,0,0,0
0,5319.1,1.6258,0.00030409,89.588,1.0059,10.412,0,0,0,0,0
0,5330.5,1.6258,0.00030409,90.697,0.8985,9.3032,0,0,0,0,0
0,5341.9,1.6258,0.00030409,89.886,0.9764,10.114,0,0,0,0,0
0,5353.3,1.6258,0.00030408,86.793,1.2758,13.207,0,0,0,0,0
0,5364.8,1.6256,0.00030407,80.645,1.8735,19.355,0,0,0,0,0
0,5376.3,1.6255,0.00030406,77.561,2.1789,22.439,0,0,0,0,0
0,5387.9,1.6255,0.00030406,82.758,1.6792,17.242,0,0,0,0,0
0,5399.6,1.6255,0.00030406,87.983,1.1724,12.017,0,0,0,0,0
0,5411.3,1.6255,0.00024345,92.066,0.94429,7.9337,0,0,0,0,0
0,5423,1.6253,0.00012214,95.608,0.93158,4.3922,0,0,0,0,0
0,5434.8,1.6252,2.0701e-07,98.85,1.1432,1.1504,0,0,0,0,0
0,5446.6,1.6252,0.000121,92.588,1.5853,7.4123,0,0,0,0,0
0,5458.5,1.6252,0.00024282,82.149,2.1358,17.851,0,0,0,0,0
0,5470.5,1.6251,0.00030403,79.463,2.0167,20.537,0,0,0,0,0
0,5482.5,1.625,0.00030402,85.674,1.4103,14.326,0,0,0,0,0
0,5494.5,1.6249,0.00030401,89.607,1.0241,10.393,0,0,0,0,0
0,5506.6,1.6249,0.00030401,90.932,0.89328,9.0679,0,0,0,0,0
0,5518.8,1.6249,0.00030401,90.377,0.94741,9.623,0,0,0,0,0
0,5531,1.6249,0.0002439,89.766,1.2269,10.234,0,0,0,0,0
0,5543.2,1.6249,0.0001224,91.408,1.8381,8.5923,0,0,0,0,0
0,5555.6,1.6249,3.9621e-07,97.545,2.4266,2.4554,0,0,0,0,0
0,5567.9,1.6245,0,98.119,1.8812,1.8812,0,0,0,0,0
0,5580.4,1.6242,0,98.763,1.2366,1.2366,0,0,0,0,0
0,5592.8,1.6239,6.0399e-05,97.335,0.95258,2.665,0,0,0,0,0
0,5605.4,1.6236,0.00018176,94.092,0.92052,5.9076,0,0,0,0,0
0,5618,1.6234,0.00030369,88.868,1.1066,11.132,0,0,0,0,0
0,5630.6,1.6234,0.00066711,70.134,1.4267,29.866,0,0,0,0,0
0,5643.3,1.6234,0.0010326,47.001,1.6601,52.999,0,0,0,0,0
0,5656.1,1.6235,0.0012156,44.331,1.4884,55.669,0,0,0,0,0
0,5668.9,1.6237,0.0012157,57.209,1.1472,42.791,0,0,0,0,0
0,5681.8,1.624,0.0012154,66.654,0.89544,33.346,0,0,0,0,0
0,5694.8,1.624,0.00097335,75.875,0.8069,24.125,0,0,0,0,0
0,5707.8,1.624,0.0007302,80.508,0.86174,19.492,0,0,0,0,0
0,5720.8,1.6239,0.00054745,81.019,1.1052,18.981,0,0,0,0,0
0,5733.9,1.6238,0.00042586,78.07,1.619,21.93,0,0,0,0,0
0,5747.1,1.6237,0.00030446,78.665,2.1481,21.335,0,0,0,0,0
0,5760.4,1.6234,0.00054682,71.914,1.6506,28.086,0,0,0,0,0
0,5773.7,1.6232,0.00079025,73.547,1.0949,26.453,0,0,0,0,0
0,5787,1.6231,0.00097236,75.113,0.84169,24.887,0,0,0,0,0
0,5800.5,1.6231,0.0010934,73.962,0.78396,26.038,0,0,0,0,0
0,5813.9,1.6231,0.001215,68.018,0.86692,31.982,0,0,0,0,0
0,5827.5,1.6232,0.0013362,55.956,1.0868,44.044,0,0,0,0,0
0,5841.1,1.6233,0.0014579,39.452,1.3722,60.548,0,0,0,0,0
0,5854.8,1.6234,0.0014594,35.628,1.4626,64.372,0,0,0,0,0
0,5868.5,1.6236,0.0013381,50.14,1.2403,49.86,0,0,0,0,0
0,5882.3,1.6237,0.0012161,65.006,0.95951,34.994,0,0,0,0,0
0,5896.2,1.6237,0.0010949,73.465,0.80748,26.535,0,0,0,0,0
0,5910.2,1.6237,0.00097313,76.574,0.79994,23.426,0,0,0,0,0
0,5924.2,1.6236,0.00085153,75.494,0.95289,24.506,0,0,0,0,0
0,5938.2,1.6233,0.00073001,70.001,1.3554,29.999,0,0,0,0,0
0,5952.4,1.6231,0.0006079,65.174,1.8804,34.826,0,0,0,0,0
0,5966.6,1.623,0.00072882,62.826,1.6931,37.174,0,0,0,0,0
0,5980.9,1.6228,0.00085058,70.069,1.177,29.931,0,0,0,0,0
0,5995.2,1.6228,0.00091152,75.832,0.88919,24.168,0,0,0,0,0
0,6009.6,1.623,0.00091155,78.343,0.79647,21.657,0,0,0,0,0
0,6024.1,1.6231,0.00091075,77.116,0.84175,22.884,0,0,0,0,0
0,6038.6,1.623,0.00078993,74.315,1.085,25.685,0,0,0,0,0
0,6053.3,1.6228,0.00066853,68.199,1.5804,31.801,0,0,0,0,0
0,6068,1.6227,0.00054722,67.578,1.9557,32.422,0,0,0,0,0
0,6082.7,1.6226,0.00042592,78.851,1.6179,21.149,0,0,0,0,0
0,6097.6,1.6225,0.00030414,88.972,1.1491,11.028,0,0,0,0,0
0,6112.5,1.6222,0.000183,94.377,0.91106,5.6225,0,0,0,0,0
0,6127.4,1.622,6.1322e-05,97.546,0.89739,2.4539,0,0,0,0,0
0,6142.5,1.6218,6.0348e-05,97.06,1.0855,2.9396,0,0,0,0,0
0,6157.6,1.6217,0.00018192,90.669,1.5187,9.3305,0,0,0,0,0
0,6172.8,1.6216,0.00030373,80.545,2.034,19.455,0,0,0,0,0
0,6188.1,1.6214,0.00030372,81.959,1.8925,18.041,0,0,0,0,0
0,6203.5,1.6213,0.00030371,87.519,1.3136,12.481,0,0,0,0,0
0,6218.9,1.6212,0.00030369,90.838,0.96754,9.1615,0,0,0,0,0
0,6234.4,1.6211,0.00030368,91.895,0.85766,8.1049,0,0,0,0,0
0,6250,1.621,0.00030367,91.195,0.93341,8.8045,0,0,0,0,0
0,6265.7,1.6208,0.00030366,88.314,1.2426,11.686,0,0,0,0,0
0,6281.4,1.6207,0.00030365,83.056,1.8104,16.944,0,0,0,0,0
0,6297.2,1.6205,0.00024314,83.597,2.1451,16.403,0,0,0,0,0
0,6313.1,1.6203,0.00012183,92.874,1.6541,7.1258,0,0,0,0,0
0,6329.1,1.62,0,98.856,1.1439,1.1439,0,0,0,0,0
0,6345.2,1.6199,0,99.073,0.92704,0.92704,0,0,0,0,0
0,6361.3,1.6198,0,99.073,0.9274,0.9274,0,0,0,0,0
0,6377.6,1.6196,0,98.846,1.1536,1.1536,0,0,0,0,0
0,6393.9,1.6192,0,98.261,1.7386,1.7386,0,0,0,0,0
0,6410.3,1.6188,0,97.645,2.3546,2.3546,0,0,0,0,0
0,6426.7,1.6187,0.00024158,86.458,1.8355,13.542,0,0,0,0,0
0,6443.3,1.6186,0.00048488,83.416,1.206,16.584,0,0,0,0,0
0,6459.9,1.6186,0.00060679,84.482,0.9171,15.518,0,0,0,0,0
0,6476.7,1.6186,0.00060675,85.67,0.84837,14.33,0,0,0,0,0
0,6493.5,1.6186,0.00060672,84.044,0.94641,15.956,0,0,0,0,0
0,6510.4,1.6186,0.00060672,78.998,1.2498,21.002,0,0,0,0,0
0,6527.4,1.6186,0.00060672,70.623,1.757,29.377,0,0,0,0,0
0,6544.5,1.6186,0.00060672,67.231,1.9721,32.769,0,0,0,0,0
0,6561.7,1.6186,0.00060672,74.636,1.5354,25.364,0,0,0,0,0
0,6578.9,1.6186,0.00060637,81.936,1.0988,18.064,0,0,0,0,0
0,6596.3,1.6174,0.00048539,88.236,0.8822,11.764,0,0,0,0,0
0,6613.8,1.6162,0.00036387,90.171,0.96003,9.8294,0,0,0,0,0
0,6631.3,1.6153,0.00054434,80.779,1.2986,19.221,0,0,0,0,0
0,6648.9,1.6149,0.0010279,55.414,1.6483,44.586,0,0,0,0,0
0,6666.7,1.6144,0.0015138,40.64,1.5064,59.36,0,0,0,0,0
0,6684.5,1.6144,0.0015146,53.674,1.1818,46.326,0,0,0,0,0
0,6702.4,1.6144,0.0015146,64.643,0.90549,35.357,0,0,0,0,0
0,6720.4,1.614,0.0014541,70.606,0.78532,29.394,0,0,0,0,0
0,6738.5,1.6133,0.001333,71.102,0.84238,28.898,0,0,0,0,0
0,6756.8,1.6126,0.0012111,65.145,1.1196,34.855,0,0,0,0,0
0,6775.1,1.6123,0.0038613,12.937,0.83503,87.063,0,0,0,0,0
0,6793.5,1.6121,0.0065319,0.80037,0.48942,99.2,0,0,0,0,0
0,6812,1.6129,0.0076911,4.3634,0.37109,95.637,0,0,0,0,0
0,6830.6,1.6148,0.0073335,9.602,0.38064,90.398,0,0,0,0,0
0,6849.3,1.6168,0.006973,15.444,0.38684,84.556,0,0,0,0,0
0,6868.1,1.6173,0.0064917,23.397,0.39072,76.603,0,0,0,0,0
0,6887.1,1.6178,0.0060074,27.671,0.41251,72.329,0,0,0,0,0
0,6906.1,1.6176,0.0053412,27.114,0.48711,72.886,0,0,0,0,0
0,6925.2,1.6169,0.0044904,19.705,0.66839,80.295,0,0,0,0,0
0,6944.4,1.6162,0.0036374,11.539,0.94659,88.461,0,0,0,0,0
0,6963.8,1.6149,0.0036357,16.54,0.8993,83.46,0,0,0,0,0
0,6983.2,1.6135,0.0036339,34.929,0.70458,65.071,0,0,0,0,0
0,7002.8,1.6126,0.0038131,42.485,0.59063,57.515,0,0,0,0,0
0,7022.5,1.6119,0.0041745,38.633,0.56807,61.367,0,0,0,0,0
0,7042.3,1.6113,0.0045377,26.274,0.61967,73.726,0,0,0,0,0
0,7062.1,1.6111,0.0039364,16.554,0.83277,83.446,0,0,0,0,0
0,7082.2,1.6109,0.0033298,13.118,1.0532,86.882,0,0,0,0,0
0,7102.3,1.6095,0.0032037,27.542,0.92185,72.458,0,0,0,0,0
0,7122.5,1.6071,0.0035622,42.348,0.65371,57.652,0,0,0,0,0
0,7142.9,1.6047,0.0039218,41.964,0.58959,58.036,0,0,0,0,0
0,7163.3,1.6017,0.0089551,8.1758,0.30299,91.824,0,0,0,0,0
0,7183.9,1.5986,0.014016,2.1929,0.12915,97.807,0,0,0,0,0
0,7204.6,1.6004,0.01747,3.6584,0.069942,96.342,0,0,0,0,0
0,7225.4,1.607,0.019333,4.0145,0.051014,95.985,0,0,0,0,0
0,7246.4,1.6137,0.021211,4.4936,0.037157,95.506,0,0,0,0,0
0,7267.4,1.6196,0.019442,4.3266,0.051321,95.673,0,0,0,0,0
0,7288.6,1.6256,0.017647,4.2376,0.071051,95.762,0,0,0,0,0
0,7309.9,1.6269,0.014677,2.6512,0.12216,97.349,0,0,0,0,0
0,7331.4,1.6233,0.010529,6.5787,0.24566,93.421,0,0,0,0,0
0,7352.9,1.6198,0.0063736,27.176,0.42798,72.824,0,0,0,0,0
0,7374.6,1.6185,0.0064916,25.478,0.42748,74.522,0,0,0,0,0
0,7396.4,1.6172,0.0066102,14.599,0.47907,85.401,0,0,0,0,0
0,7418.4,1.6159,0.0062461,3.1809,0.58991,96.819,0,0,0,0,0
0,7440.5,1.6147,0.0053965,6.675,0.692,93.325,0,0,0,0,0
0,7462.7,1.6135,0.0045427,26.814,0.67244,73.186,0,0,0,0,0
0,7485,1.6112,0.0038157,44.822,0.61978,55.178,0,0,0,0,0
0,7507.5,1.6089,0.0030854,48.948,0.72283,51.052,0,0,0,0,0
0,7530.1,1.6057,0.0040956,19.477,0.83505,80.523,0,0,0,0,0
0,7552.9,1.6016,0.0068539,3.1381,0.53095,96.862,0,0,0,0,0
0,7575.8,1.5975,0.0096177,12.842,0.28372,87.158,0,0,0,0,0
0,7598.8,1.6041,0.016135,6.3654,0.10084,93.635,0,0,0,0,0
0,7621.9,1.6109,0.022741,5.3966,0.034549,94.603,0,0,0,0,0
0,7645.3,1.614,0.022213,5.7766,0.038053,94.223,0,0,0,0,0
0,7668.7,1.6136,0.014455,9.7498,0.13251,90.25,0,0,0,0,0
0,7692.3,1.6132,0.0066615,27.289,0.42796,72.711,0,0,0,0,0
0,7716.1,1.6097,0.0065319,15.229,0.51247,84.771,0,0,0,0,0
0,7739.9,1.6061,0.0064012,1.6769,0.61384,98.323,0,0,0,0,0
0,7764,1.6026,0.0071118,12.161,0.47754,87.839,0,0,0,0,0
0,7788.2,1.5991,0.0086611,19.532,0.32675,80.468,0,0,0,0,0
0,7812.5,1.5956,0.010214,13.441,0.26692,86.559,0,0,0,0,0
0,7837,1.5917,0.013655,2.9323,0.16871,97.068,0,0,0,0,0
0,7861.6,1.5877,0.017103,3.3567,0.096648,96.643,0,0,0,0,0
0,7886.4,1.5845,0.022025,5.7198,0.043179,94.28,0,0,0,0,0
0,7911.4,1.5821,0.028436,5.567,0.015749,94.433,0,0,0,0,0
0,7936.5,1.5797,0.034885,5.1273,0.0057715,94.873,0,0,0,0,0
0,7961.8,1.5804,0.052741,5.0953,0.00035111,94.905,0,0,0,0,0
0,7987.2,1.5809,0.070909,5.137,2.0689e-05,94.863,0,0,0,0,0
0,8012.8,1.598,0.079549,5.387,5.5766e-06,94.613,0,0,0,0,0
0,8038.6,1.6322,0.07777,5.8506,7.7882e-06,94.149,0,0,0,0,0
0,8064.5,1.6666,0.075274,6.3235,1.2135e-05,93.676,0,0,0,0,0
0,8090.6,1.6622,0.053609,6.2349,0.00036386,93.765,0,0,0,0,0
0,8116.9,1.6579,0.031945,6.3386,0.010653,93.661,0,0,0,0,0
0,8143.3,1.6525,0.019017,4.2181,0.081317,95.782,0,0,0,0,0
0,8169.9,1.6459,0.014856,5.6852,0.15422,94.315,0,0,0,0,0
0,8196.7,1.6393,0.010673,17.298,0.26448,82.702,0,0,0,0,0
0,8223.7,1.6363,0.010425,12.422,0.29215,87.578,0,0,0,0,0
0,8250.8,1.6332,0.010174,1.9239,0.34267,98.076,0,0,0,0,0
0,8278.1,1.6302,0.0097428,2.7344,0.36776,97.266,0,0,0,0,0
0,8305.6,1.6273,0.0091278,15.615,0.3557,84.385,0,0,0,0,0
0,8333.3,1.6244,0.0085105,23.148,0.36059,76.852,0,0,0,0,0
0,8361.2,1.6212,0.0091064,14.043,0.36384,85.957,0,0,0,0,0
0,8389.3,1.6181,0.0097045,1.4787,0.37875,98.521,0,0,0,0,0
0,8417.5,1.6163,0.012469,1.9942,0.24321,98.006,0,0,0,0,0
0,8446,1.6161,0.017437,5.6575,0.11041,94.342,0,0,0,0,0
0,8474.6,1.6158,0.02244,6.7189,0.052152,93.281,0,0,0,0,0
0,8503.4,1.6186,0.01908,8.2478,0.085539,91.752,0,0,0,0,0
0,8532.4,1.6214,0.015684,10.749,0.13952,89.251,0,0,0,0,0
0,8561.6,1.6219,0.013369,12.046,0.19627,87.954,0,0,0,0,0
0,8591.1,1.6201,0.012149,6.9784,0.25139,93.022,0,0,0,0,0
0,8620.7,1.6183,0.010922,0.60589,0.32748,99.394,0,0,0,0,0
0,8650.5,1.6138,0.011507,5.7363,0.28512,94.264,0,0,0,0,0
0,8680.6,1.6093,0.012093,14.418,0.23689,85.582,0,0,0,0,0
0,8710.8,1.6092,0.014916,11.314,0.16122,88.686,0,0,0,0,0
0,8741.3,1.6134,0.020031,7.9023,0.080188,92.098,0,0,0,0,0
0,8771.9,1.6176,0.025189,6.5191,0.03926,93.481,0,0,0,0,0
0,8802.8,1.6153,0.020581,5.102,0.077873,94.898,0,0,0,0,0
0,8833.9,1.6131,0.015952,1.8849,0.15824,98.115,0,0,0,0,0
0,8865.3,1.6098,0.01457,4.6691,0.18951,95.331,0,0,0,0,0
0,8896.8,1.6056,0.016475,9.6938,0.13671,90.306,0,0,0,0,0
0,8928.6,1.6013,0.018384,8.078,0.10624,91.922,0,0,0,0,0
0,8960.6,1.607,0.028306,6.019,0.02722,93.981,0,0,0,0,0
0,8992.8,1.6127,0.038375,5.6568,0.0068064,94.343,0,0,0,0,0
0,9025.3,1.6188,0.03828,5.7523,0.0070457,94.248,0,0,0,0,0
0,9058,1.6252,0.027866,6.416,0.030345,93.584,0,0,0,0,0
0,9090.9,1.6316,0.017359,9.6812,0.12822,90.319,0,0,0,0,0
0,9124.1,1.6257,0.013339,3.4715,0.24335,96.529,0,0,0,0,0
0,9157.5,1.6198,0.0093007,4.0887,0.44741,95.911,0,0,0,0,0
0,9191.2,1.6143,0.0069695,28.699,0.49536,71.301,0,0,0,0,0
0,9225.1,1.6094,0.006353,32.907,0.52123,67.093,0,0,0,0,0
0,9259.3,1.6044,0.0057329,16.383,0.73502,83.617,0,0,0,0,0
0,9293.7,1.6012,0.005723,7.1211,0.82302,92.879,0,0,0,0,0
0,9328.4,1.5979,0.0057132,24.912,0.66986,75.088,0,0,0,0,0
0,9363.3,1.5942,0.0060585,36.33,0.52884,63.67,0,0,0,0,0
0,9398.5,1.5901,0.00676,28.161,0.51967,71.839,0,0,0,0,0
0,9434,1.5859,0.0074617,7.6683,0.58981,92.332,0,0,0,0,0
0,9469.7,1.5806,0.0090958,4.2406,0.46938,95.759,0,0,0,0,0
0,9505.7,1.5754,0.010728,16.091,0.32101,83.909,0,0,0,0,0
0,9542,1.5685,0.01297,13.076,0.23984,86.924,0,0,0,0,0
0,9578.5,1.5602,0.015789,1.6083,0.18456,98.392,0,0,0,0,0
0,9615.4,1.5518,0.018573,4.8187,0.12369,95.181,0,0,0,0,0
0,9652.5,1.5403,0.027478,5.5642,0.038166,94.436,0,0,0,0,0
0,9689.9,1.5287,0.036187,4.0502,0.012595,95.95,0,0,0,0,0
0,9727.6,1.5192,0.053567,4.297,0.0013457,95.703,0,0,0,0,0
0,9765.6,1.5109,0.080005,4.2385,4.5812e-05,95.761,0,0,0,0,0
0,9803.9,1.5012,0.10701,4.1907,1.4888e-06,95.809,0,0,0,0,0
0,9842.5,1.5256,0.13096,4.5875,7.4754e-08,95.413,0,0,0,0,0
0,9881.4,1.5522,0.15549,5.0338,3.5748e-09,94.966,0,0,0,0,0
0,9920.6,1.569,0.16452,5.2941,1.2408e-09,94.706,0,0,0,0,0
0,9960.2,1.5745,0.15784,5.3354,3.1336e-09,94.665,0,0,0,0,0
0,10000,1.58,0.15112,5.3784,7.9007e-09,94.622,0,0,0,0,0
0,10040,1.5904,0.18294,5.6652,1.5975e-10,94.335,0,0,0,0,0
0,10081,1.6019,0.21607,5.9996,2.8354e-12,94,0,0,0,0,0
0,10121,1.6425,0.23441,6.6464,3.3027e-13,93.354,0,0,0,0,0
0,10163,1.7097,0.23318,7.5444,4.4445e-13,92.456,0,0,0,0,0
0,10204,1.7744,0.22786,8.4088,9.8562e-13,91.591,0,0,0,0,0
0,10246,1.7828,0.16581,8.2387,2.2281e-09,91.761,0,0,0,0,0
0,10288,1.7931,0.10658,8.1965,3.3607e-06,91.804,0,0,0,0,0
0,10331,1.7881,0.068798,8.0368,0.00034993,91.963,0,0,0,0,0
0,10373,1.7663,0.050324,7.8131,0.0033569,92.187,0,0,0,0,0
0,10417,1.7444,0.031177,6.2498,0.034794,93.75,0,0,0,0,0
0,10460,1.7334,0.026404,8.6518,0.06076,91.348,0,0,0,0,0
0,10504,1.7222,0.021543,8.5545,0.1095,91.445,0,0,0,0,0
0,10549,1.7125,0.01832,2.5189,0.17356,97.481,0,0,0,0,0
0,10593,1.7042,0.016785,11.383,0.19135,88.617,0,0,0,0,0
0,10638,1.6959,0.015223,14.745,0.2228,85.255,0,0,0,0,0
0,10684,1.6887,0.015486,3.1438,0.24551,96.856,0,0,0,0,0
0,10730,1.6815,0.015746,4.6406,0.23568,95.359,0,0,0,0,0
0,10776,1.6758,0.020238,10.626,0.12896,89.374,0,0,0,0,0
0,10823,1.6715,0.029036,7.6521,0.047785,92.348,0,0,0,0,0
0,10870,1.6672,0.037927,6.0226,0.017564,93.977,0,0,0,0,0
0,10917,1.676,0.034989,6.1799,0.025148,93.82,0,0,0,0,0
0,10965,1.6848,0.032008,6.4253,0.036046,93.575,0,0,0,0,0
0,11013,1.6883,0.031663,5.9355,0.038315,94.065,0,0,0,0,0
0,11062,1.6863,0.033992,5.5811,0.02992,94.419,0,0,0,0,0
0,11111,1.6844,0.036342,6.2264,0.023113,93.774,0,0,0,0,0
0,11161,1.6884,0.028061,6.6766,0.059674,93.323,0,0,0,0,0
0,11211,1.6925,0.019726,9.5155,0.15111,90.485,0,0,0,0,0
0,11261,1.6924,0.014209,18.642,0.26098,81.358,0,0,0,0,0
0,11312,1.6878,0.011541,20.173,0.35645,79.827,0,0,0,0,0
0,11364,1.6833,0.0088446,8.3141,0.593,91.686,0,0,0,0,0
0,11416,1.6814,0.007393,5.1624,0.7724,94.838,0,0,0,0,0
0,11468,1.6796,0.0059275,27.519,0.76777,72.481,0,0,0,0,0
0,11521,1.6775,0.0047054,51.056,0.66848,48.944,0,0,0,0,0
0,11574,1.6752,0.0037315,60.895,0.67938,39.105,0,0,0,0,0
0,11628,1.6729,0.002748,61.019,0.92313,38.981,0,0,0,0,0
0,11682,1.6708,0.0027483,42.811,1.3584,57.189,0,0,0,0,0
0,11737,1.6687,0.0027486,38.608,1.4679,61.392,0,0,0,0,0
0,11792,1.6667,0.0024464,60.67,1.0616,39.33,0,0,0,0,0
0,11848,1.6646,0.0018372,77.252,0.81365,22.748,0,0,0,0,0
0,11905,1.6625,0.0012222,84.482,0.81902,15.518,0,0,0,0,0
0,11962,1.6609,0.0015855,75.011,1.0253,24.989,0,0,0,0,0
0,12019,1.6593,0.001953,56.1,1.4749,43.9,0,0,0,0,0
0,12077,1.6577,0.002259,45.787,1.5887,54.213,0,0,0,0,0
0,12136,1.656,0.0025026,58.485,1.1048,41.515,0,0,0,0,0
0,12195,1.6543,0.0027488,67.747,0.78172,32.253,0,0,0,0,0
0,12255,1.6509,0.0035965,63.074,0.67761,36.926,0,0,0,0,0
0,12315,1.6474,0.0044519,45.253,0.80218,54.747,0,0,0,0,0
0,12376,1.6435,0.0080219,6.6683,0.71157,93.332,0,0,0,0,0
0,12438,1.6391,0.014346,4.5264,0.33025,95.474,0,0,0,0,0
0,12500,1.6347,0.020727,10.346,0.15792,89.654,0,0,0,0,0
0,12563,1.6469,0.030725,6.6382,0.060897,93.362,0,0,0,0,0
0,12626,1.6593,0.040836,6.0534,0.022931,93.947,0,0,0,0,0
0,12690,1.6682,0.038855,6.106,0.028709,93.894,0,0,0,0,0
0,12755,1.6734,0.024668,7.4211,0.11853,92.579,0,0,0,0,0
0,12821,1.6787,0.010377,24.271,0.45758,75.729,0,0,0,0,0
0,12887,1.6732,0.0080784,39.674,0.49864,60.326,0,0,0,0,0
0,12953,1.6677,0.0057534,37.881,0.75537,62.119,0,0,0,0,0
0,13021,1.6636,0.0045213,23.906,1.2082,76.094,0,0,0,0,0
0,13089,1.6611,0.0043995,31.068,1.1406,68.932,0,0,0,0,0
0,13158,1.6584,0.0042763,52.239,0.82087,47.761,0,0,0,0,0
0,13228,1.6586,0.0064584,46.687,0.5924,53.313,0,0,0,0,0
0,13298,1.6587,0.0086643,37.645,0.49545,62.355,0,0,0,0,0
0,13369,1.6588,0.0087468,30.874,0.54606,69.126,0,0,0,0,0
0,13441,1.6588,0.0066751,26.21,0.80398,73.79,0,0,0,0,0
0,13514,1.6588,0.0045817,24.626,1.2456,75.374,0,0,0,0,0
0,13587,1.656,0.004339,33.592,1.1762,66.408,0,0,0,0,0
0,13661,1.6531,0.0040934,55.298,0.84757,44.702,0,0,0,0,0
0,13736,1.652,0.0068103,46.742,0.58897,53.258,0,0,0,0,0
0,13812,1.6526,0.012536,26.347,0.38615,73.653,0,0,0,0,0
0,13889,1.6532,0.018329,12.398,0.2554,87.602,0,0,0,0,0
0,13966,1.658,0.013726,13.849,0.40502,86.151,0,0,0,0,0
0,14045,1.6628,0.0090681,17.696,0.67576,82.304,0,0,0,0,0
0,14124,1.6643,0.0059346,18.463,1.0953,81.537,0,0,0,0,0
0,14205,1.6624,0.0043506,31.591,1.2908,68.409,0,0,0,0,0
0,14286,1.6606,0.0027489,64.491,1.0748,35.509,0,0,0,0,0
0,14284,1.6606,0.0027826,63.919,1.0788,36.081,0,0,0,0,0
0,14411,1.6587,0.0014554,85.005,0.84441,14.995,0,0,0,0,0
0,14541,1.6573,0.00061086,91.002,1.1257,8.9977,0,0,0,0,0
0,14672,1.6565,0.00061085,83.684,2.0669,16.316,0,0,0,0,0
0,14807,1.6545,0.00032947,91.699,1.7875,8.3009,0,0,0,0,0
0,14943,1.6523,0,98.996,1.0041,1.0041,0,0,0,0,0
0,15082,1.6519,0,99.029,0.97128,0.97128,0,0,0,0,0
0,15224,1.6514,0.00028491,93.685,1.5447,6.3154,0,0,0,0,0
0,15368,1.6509,0.00085078,77.522,2.2343,22.478,0,0,0,0,0
0,15516,1.65,0.00074907,87.941,1.365,12.059,0,0,0,0,0
0,15666,1.649,0.00050964,94.183,0.92381,5.8171,0,0,0,0,0
0,15819,1.6481,0.00013294,97.427,1.0816,2.5727,0,0,0,0,0
0,15975,1.6477,0,98.028,1.9715,1.9715,0,0,0,0,0
0,16134,1.6475,5.772e-06,97.56,2.3061,2.4398,0,0,0,0,0
0,16296,1.647,0.00019277,96.423,1.2306,3.5775,0,0,0,0,0
0,16462,1.6459,0.00022857,96.985,0.9261,3.0146,0,0,0,0,0
0,16631,1.6442,3.9855e-05,98.235,1.2675,1.7647,0,0,0,0,0
0,16803,1.6431,0,97.63,2.3696,2.3696,0,0,0,0,0
0,16980,1.6421,0.00012861,95.97,1.8141,4.0305,0,0,0,0,0
0,17159,1.6404,0.00087581,90.872,0.98646,9.1282,0,0,0,0,0
0,17343,1.6392,0.0012196,88.314,0.93452,11.686,0,0,0,0,0
0,17531,1.6384,0.0012195,81.713,1.4723,18.287,0,0,0,0,0
0,17723,1.6369,0.0029623,49.202,1.7891,50.798,0,0,0,0,0
0,17919,1.6357,0.0044991,55.862,1.0439,44.138,0,0,0,0,0
0,18119,1.6354,0.0052497,63.225,0.74737,36.775,0,0,0,0,0
0,18324,1.6337,0.0054837,57.411,0.82753,42.589,0,0,0,0,0
0,18534,1.6312,0.00567,33.261,1.2676,66.739,0,0,0,0,0
0,18748,1.6256,0.0082702,26.852,0.9517,73.148,0,0,0,0,0
0,18968,1.6217,0.015422,28.176,0.45046,71.824,0,0,0,0,0
0,19193,1.6199,0.028239,12.625,0.21201,87.375,0,0,0,0,0
0,19423,1.6259,0.037771,6.1132,0.12379,93.887,0,0,0,0,0
0,19658,1.6365,0.044924,4.5561,0.082209,95.444,0,0,0,0,0
0,19900,1.6585,0.045003,5.0642,0.085226,94.936,0,0,0,0,0
0,20148,1.6671,0.035753,2.3968,0.16359,97.603,0,0,0,0,0
0,20401,1.6663,0.020002,7.8697,0.45428,92.13,0,0,0,0,0
0,20662,1.6641,0.015905,30.495,0.47479,69.505,0,0,0,0,0
0,20928,1.6616,0.012398,38.226,0.57256,61.774,0,0,0,0,0
0,21202,1.6585,0.0093758,25.031,0.95989,74.969,0,0,0,0,0
0,21484,1.6561,0.0082789,22.705,1.1567,77.295,0,0,0,0,0
0,21772,1.6539,0.0079831,49.691,0.79372,50.309,0,0,0,0,0
0,22069,1.6525,0.0083583,55.956,0.66153,44.044,0,0,0,0,0
0,22374,1.6511,0.0090106,41.735,0.80901,58.265,0,0,0,0,0
0,22687,1.6495,0.0099565,15.496,1.0722,84.504,0,0,0,0,0
0,23010,1.6484,0.011712,23.993,0.82461,76.007,0,0,0,0,0
0,23341,1.6482,0.013228,39.66,0.57573,60.34,0,0,0,0,0
0,23682,1.6503,0.013606,41.377,0.54272,58.623,0,0,0,0,0
0,24034,1.6515,0.013039,29.792,0.68682,70.208,0,0,0,0,0
0,24396,1.6519,0.011891,12.389,0.96955,87.611,0,0,0,0,0
0,24769,1.6507,0.010396,30.348,0.91409,69.652,0,0,0,0,0
0,25153,1.6499,0.009251,54.331,0.68732,45.669,0,0,0,0,0
0,25550,1.6499,0.0086834,57.866,0.67862,42.134,0,0,0,0,0
0,25960,1.6495,0.0079755,45.397,0.96945,54.603,0,0,0,0,0
0,26383,1.6491,0.0070714,31.504,1.412,68.496,0,0,0,0,0
0,26819,1.6492,0.0053858,58.866,1.1455,41.134,0,0,0,0,0
0,27271,1.648,0.0035891,80.408,0.81947,19.592,0,0,0,0,0
0,27738,1.6456,0.0016892,89.186,0.91858,10.814,0,0,0,0,0
0,28221,1.6436,0.0015272,83.137,1.5891,16.863,0,0,0,0,0
0,28722,1.6414,0.0013083,82.256,1.9759,17.744,0,0,0,0,0
0,29240,1.6386,0.00055521,95.223,1.1081,4.7766,0,0,0,0,0
0,29778,1.6367,0.00080747,95.091,0.84437,4.9085,0,0,0,0,0
0,30335,1.6354,0.0015375,89.025,1.0806,10.975,0,0,0,0,0
0,30914,1.6341,0.0017242,79.203,1.8847,20.797,0,0,0,0,0
0,31516,1.6329,0.0019938,80.445,1.6006,19.555,0,0,0,0,0
0,32141,1.6317,0.0023725,86.94,0.92477,13.06,0,0,0,0,0
0,32792,1.6304,0.0024435,88.141,0.8154,11.859,0,0,0,0,0
0,33469,1.6289,0.002732,81.337,1.1617,18.663,0,0,0,0,0
0,34176,1.6265,0.0042349,58.946,1.7309,41.054,0,0,0,0,0
0,34912,1.6251,0.0057388,63.702,1.1773,36.298,0,0,0,0,0
0,35681,1.6245,0.0072651,71.028,0.75369,28.972,0,0,0,0,0
0,36485,1.6245,0.0076872,70.147,0.73276,29.853,0,0,0,0,0
0,37326,1.6247,0.0078179,57.41,1.0396,42.59,0,0,0,0,0
0,38206,1.625,0.0074398,43.845,1.491,56.155,0,0,0,0,0
0,39129,1.6247,0.0056067,67.888,1.1686,32.112,0,0,0,0,0
0,40098,1.6238,0.0031611,87.194,0.81636,12.806,0,0,0,0,0
0,41116,1.6207,0.0011097,94.665,0.8625,5.3346,0,0,0,0,0
0,42187,1.617,0,98.5,1.4998,1.4998,0,0,0,0,0
0,43315,1.6126,0,98.005,1.9954,1.9954,0,0,0,0,0
0,44505,1.6073,0,98.924,1.0761,1.0761,0,0,0,0,0
0,45762,1.6024,0,99.206,0.79416,0.79416,0,0,0,0,0
0,47093,1.6003,0,98.998,1.002,1.002,0,0,0,0,0
0,48503,1.5963,0,98.207,1.7933,1.7933,0,0,0,0,0
0,50000,1.591,0,98.447,1.5535,1.5535,0,0,0,0,0
